video_id,class,method,seed,input_video,backend_input_video,backend_input_psnr,backend_resized_to_gt,score_origin,output_video,report,output_resized_to_gt,epsilon,delta,sigma,top_k,block_grid,global_frame_psnr,motion_area,motion_total_mse_psnr,motion_high_psnr,motion_low_psnr,motion_distortion_share,motion_distortion_lift,motion_high_low_mse_ratio,rat_region_area,rat_region_total_mse_psnr,rat_region_high_psnr,rat_region_low_psnr,rat_region_distortion_share,rat_region_distortion_lift,rat_region_high_low_mse_ratio,own_region_area,own_region_total_mse_psnr,own_region_high_psnr,own_region_low_psnr,own_region_distortion_share,own_region_distortion_lift,own_region_high_low_mse_ratio,motion_alignment_candidate_area,motion_alignment_reference_area,motion_alignment_reference_coverage,motion_alignment_candidate_precision,motion_alignment_iou,motion_alignment_coverage_lift,rat_alignment_candidate_area,rat_alignment_reference_area,rat_alignment_reference_coverage,rat_alignment_candidate_precision,rat_alignment_iou,rat_alignment_coverage_lift,motion_reference_coverage,motion_coverage_lift,rat_reference_coverage,rat_coverage_lift
BalanceBeam_v_BalanceBeam_g01_c01,BalanceBeam,RAT-mask,42,data/ucf101_rescue/UCF-101/BalanceBeam/v_BalanceBeam_g01_c01.avi,data/backend_inputs/BalanceBeam_v_BalanceBeam_g01_c01/seed_42/rat_dp/rat_intermediate_merged.mp4,31.254524,False,private RAT-DP risk scores from the existing run,,,False,8.000000,0.000100,127.387417,20,14,15.071714,0.101301,14.974627,11.896575,15.511399,0.205787,2.031446,2.298701,0.100837,14.974627,5.268954,26.900618,0.942292,9.344741,145.601682,0.100837,14.974627,5.268954,26.900618,0.942292,9.344741,145.601682,0.100837,0.101301,0.211398,0.212370,0.118495,2.096438,0.100837,0.100837,1.000000,1.000000,1.000000,9.917038,0.211398,2.096438,1.000000,9.917038
BalanceBeam_v_BalanceBeam_g01_c01,BalanceBeam,Motion-only-mask,42,data/ucf101_rescue/UCF-101/BalanceBeam/v_BalanceBeam_g01_c01.avi,data/backend_inputs/BalanceBeam_v_BalanceBeam_g01_c01/seed_42/rat_dp/rat_intermediate_merged.mp4,31.254524,False,backend frame-difference motion-only scores,,,False,8.000000,0.000100,127.387417,20,14,15.113349,0.101301,15.038647,8.315564,17.384325,0.476343,4.702278,8.070047,0.100837,15.038647,7.482387,18.287417,0.574439,5.696735,12.036578,0.101023,15.038647,5.328078,27.179937,0.945094,9.355282,153.174277,0.101023,0.101301,0.502509,0.503891,0.336183,4.974224,0.101023,0.100837,0.600425,0.599320,0.428441,5.943478,0.502509,4.974224,0.600425,5.943478
BalanceBeam_v_BalanceBeam_g01_c01,BalanceBeam,Random-mask,42,data/ucf101_rescue/UCF-101/BalanceBeam/v_BalanceBeam_g01_c01.avi,data/backend_inputs/BalanceBeam_v_BalanceBeam_g01_c01/seed_42/rat_dp/rat_intermediate_merged.mp4,31.254524,False,public seeded random scores independent of video content,,,False,8.000000,0.000100,127.387417,20,14,14.576311,0.101301,14.499406,14.676260,14.479915,0.097258,0.960096,0.955797,0.100837,14.499406,14.815637,14.465336,0.093755,0.929773,0.922507,0.102114,14.499406,4.823189,26.852943,0.947776,9.281574,159.578843,0.102114,0.101301,0.103680,0.102854,0.054444,1.015336,0.102114,0.100837,0.106440,0.105108,0.055838,1.042365,0.103680,1.015336,0.106440,1.042365
BalanceBeam_v_BalanceBeam_g01_c01,BalanceBeam,Shifted-RAT-mask,42,data/ucf101_rescue/UCF-101/BalanceBeam/v_BalanceBeam_g01_c01.avi,data/backend_inputs/BalanceBeam_v_BalanceBeam_g01_c01/seed_42/rat_dp/rat_intermediate_merged.mp4,31.254524,False,RAT scores shifted by a fixed public spatial offset,,,False,8.000000,0.000100,127.387417,20,14,14.805590,0.101301,14.711464,16.626643,14.540315,0.065177,0.643402,0.618539,0.100837,14.711464,21.147188,14.350510,0.022911,0.227210,0.209089,0.101504,14.711464,5.026771,26.761579,0.943959,9.299709,149.101112,0.101504,0.101301,0.061760,0.061636,0.031831,0.608451,0.101504,0.100837,0.019318,0.019191,0.009720,0.190313,0.061760,0.608451,0.019318,0.190313
BalanceBeam_v_BalanceBeam_g01_c01,BalanceBeam,RAT-no-trajectory-mask,42,data/ucf101_rescue/UCF-101/BalanceBeam/v_BalanceBeam_g01_c01.avi,data/backend_inputs/BalanceBeam_v_BalanceBeam_g01_c01/seed_42/rat_dp/rat_intermediate_merged.mp4,31.254524,False,same RAT cue fusion without trajectory propagation,,,False,8.000000,0.000100,127.387417,20,14,15.105036,0.101301,15.012634,11.886717,15.561894,0.208067,2.053958,2.330868,0.100837,15.012634,7.190770,18.647806,0.610667,6.056006,13.986323,0.100737,15.012634,5.303887,26.919574,0.942031,9.351358,145.067044,0.100737,0.101301,0.210261,0.211437,0.117848,2.087222,0.100737,0.100837,0.638358,0.638986,0.469153,6.336849,0.210261,2.087222,0.638358,6.336849
BalanceBeam_v_BalanceBeam_g01_c01,BalanceBeam,Shifted-RAT-fusion-mask,42,data/ucf101_rescue/UCF-101/BalanceBeam/v_BalanceBeam_g01_c01.avi,data/backend_inputs/BalanceBeam_v_BalanceBeam_g01_c01/seed_42/rat_dp/rat_intermediate_merged.mp4,31.254524,False,RAT cue-fusion scores shifted by a fixed public spatial offset,,,False,8.000000,0.000100,127.387417,20,14,14.727884,0.101301,14.638561,14.919944,14.607957,0.094945,0.937264,0.930682,0.100837,14.638561,17.466147,14.411543,0.052585,0.521485,0.494925,0.101343,14.638561,4.943795,26.743233,0.944649,9.321301,151.336511,0.101343,0.101301,0.096740,0.096699,0.050817,0.954578,0.101343,0.100837,0.053756,0.053487,0.027549,0.530431,0.096740,0.954578,0.053756,0.530431
BalanceBeam_v_BalanceBeam_g01_c01,BalanceBeam,VideoMAE-only-mask,42,data/ucf101_rescue/UCF-101/BalanceBeam/v_BalanceBeam_g01_c01.avi,data/backend_inputs/BalanceBeam_v_BalanceBeam_g01_c01/seed_42/rat_dp/rat_intermediate_merged.mp4,31.254524,False,VideoMAE semantic-token salience only,,,False,8.000000,0.000100,127.387417,20,14,13.328348,0.101301,13.261516,22.647405,12.848635,0.011669,0.115189,0.104743,0.100837,13.261516,23.003803,12.846623,0.010700,0.106114,0.096445,0.100937,13.261516,3.490166,26.526515,0.957607,9.487132,201.203198,0.100937,0.101301,0.004021,0.004035,0.002018,0.039833,0.100937,0.100837,0.008008,0.008000,0.004018,0.079336,0.004021,0.039833,0.008008,0.079336
BalanceBeam_v_BalanceBeam_g02_c01,BalanceBeam,RAT-mask,42,data/ucf101_rescue/UCF-101/BalanceBeam/v_BalanceBeam_g02_c01.avi,data/backend_inputs/BalanceBeam_v_BalanceBeam_g02_c01/seed_42/rat_dp/rat_intermediate_merged.mp4,27.849856,False,private RAT-DP risk scores from the existing run,,,False,8.000000,0.000100,103.175944,20,14,14.087098,0.101395,14.041884,8.207564,15.713984,0.388553,3.832058,5.631732,0.101431,14.041884,4.312221,26.865803,0.953101,9.396504,180.035496,0.101431,14.041884,4.312221,26.865803,0.953101,9.396504,180.035496,0.101431,0.101395,0.409673,0.409528,0.257546,4.038915,0.101431,0.101431,1.000000,1.000000,1.000000,9.858870,0.409673,4.038915,1.000000,9.858870
BalanceBeam_v_BalanceBeam_g02_c01,BalanceBeam,Motion-only-mask,42,data/ucf101_rescue/UCF-101/BalanceBeam/v_BalanceBeam_g02_c01.avi,data/backend_inputs/BalanceBeam_v_BalanceBeam_g02_c01/seed_42/rat_dp/rat_intermediate_merged.mp4,27.849856,False,backend frame-difference motion-only scores,,,False,8.000000,0.000100,103.175944,20,14,14.332957,0.101395,14.307323,5.180495,21.520170,0.829280,8.178672,43.049441,0.101431,14.307323,8.658275,15.866409,0.372458,3.672018,5.257914,0.101335,14.307323,4.532275,28.067713,0.962194,9.495215,225.706323,0.101335,0.101395,0.852663,0.853174,0.743555,8.414325,0.101335,0.101431,0.387944,0.388315,0.240794,3.828347,0.852663,8.414325,0.387944,3.828347
BalanceBeam_v_BalanceBeam_g02_c01,BalanceBeam,Random-mask,42,data/ucf101_rescue/UCF-101/BalanceBeam/v_BalanceBeam_g02_c01.avi,data/backend_inputs/BalanceBeam_v_BalanceBeam_g02_c01/seed_42/rat_dp/rat_intermediate_merged.mp4,27.849856,False,public seeded random scores independent of video content,,,False,8.000000,0.000100,103.175944,20,14,13.687193,0.101395,13.653016,13.103667,13.719602,0.115068,1.134841,1.152374,0.101431,13.653016,13.038769,13.728142,0.116842,1.151926,1.172026,0.102053,13.653016,3.967320,26.134060,0.949284,9.301856,164.692568,0.102053,0.101395,0.109173,0.108469,0.057541,1.069763,0.102053,0.101431,0.116514,0.115804,0.061660,1.141696,0.109173,1.069763,0.116514,1.141696
BalanceBeam_v_BalanceBeam_g02_c01,BalanceBeam,Shifted-RAT-mask,42,data/ucf101_rescue/UCF-101/BalanceBeam/v_BalanceBeam_g02_c01.avi,data/backend_inputs/BalanceBeam_v_BalanceBeam_g02_c01/seed_42/rat_dp/rat_intermediate_merged.mp4,27.849856,False,RAT scores shifted by a fixed public spatial offset,,,False,8.000000,0.000100,103.175944,20,14,14.144855,0.101395,14.100667,14.626572,14.045134,0.089831,0.885951,0.874694,0.101431,14.100667,18.902057,13.784503,0.033576,0.331025,0.307783,0.101691,14.100667,4.422912,26.167314,0.944184,9.284863,149.430809,0.101691,0.101395,0.073453,0.073239,0.038069,0.722314,0.101691,0.101431,0.021929,0.021874,0.011072,0.215649,0.073453,0.722314,0.021929,0.215649
BalanceBeam_v_BalanceBeam_g02_c01,BalanceBeam,RAT-no-trajectory-mask,42,data/ucf101_rescue/UCF-101/BalanceBeam/v_BalanceBeam_g02_c01.avi,data/backend_inputs/BalanceBeam_v_BalanceBeam_g02_c01/seed_42/rat_dp/rat_intermediate_merged.mp4,27.849856,False,same RAT cue fusion without trajectory propagation,,,False,8.000000,0.000100,103.175944,20,14,14.151103,0.101395,14.111197,8.101790,15.898341,0.404538,3.989704,6.020814,0.101431,14.111197,6.056514,18.182499,0.648099,6.389520,16.315427,0.101132,14.111197,4.368988,26.930408,0.953035,9.423687,180.360728,0.101132,0.101395,0.429827,0.430947,0.274199,4.250161,0.101132,0.101431,0.678190,0.680200,0.514226,6.706000,0.429827,4.250161,0.678190,6.706000
BalanceBeam_v_BalanceBeam_g02_c01,BalanceBeam,Shifted-RAT-fusion-mask,42,data/ucf101_rescue/UCF-101/BalanceBeam/v_BalanceBeam_g02_c01.avi,data/backend_inputs/BalanceBeam_v_BalanceBeam_g02_c01/seed_42/rat_dp/rat_intermediate_merged.mp4,27.849856,False,RAT cue-fusion scores shifted by a fixed public spatial offset,,,False,8.000000,0.000100,103.175944,20,14,13.971394,0.101395,13.923831,15.698054,13.762517,0.067390,0.664627,0.640393,0.101431,13.923831,18.997039,13.598523,0.031539,0.310942,0.288502,0.101626,13.923831,4.236892,26.100786,0.945580,9.304518,153.599333,0.101626,0.101395,0.054497,0.054374,0.027979,0.536252,0.101626,0.101431,0.020652,0.020613,0.010424,0.203216,0.054497,0.536252,0.020652,0.203216
BalanceBeam_v_BalanceBeam_g02_c01,BalanceBeam,VideoMAE-only-mask,42,data/ucf101_rescue/UCF-101/BalanceBeam/v_BalanceBeam_g02_c01.avi,data/backend_inputs/BalanceBeam_v_BalanceBeam_g02_c01/seed_42/rat_dp/rat_intermediate_merged.mp4,27.849856,False,VideoMAE semantic-token salience only,,,False,8.000000,0.000100,103.175944,20,14,13.203489,0.101395,13.166502,20.053262,12.793321,0.020766,0.204797,0.187934,0.101431,13.166502,19.914628,12.796169,0.021447,0.211440,0.194157,0.100937,13.166502,3.424264,25.821092,0.951210,9.423752,173.653202,0.100937,0.101395,0.000000,0.000000,0.000000,0.000000,0.100937,0.101431,0.012136,0.012195,0.006120,0.120230,0.000000,0.000000,0.012136,0.120230
BalanceBeam_v_BalanceBeam_g03_c01,BalanceBeam,RAT-mask,42,data/ucf101_rescue/UCF-101/BalanceBeam/v_BalanceBeam_g03_c01.avi,data/backend_inputs/BalanceBeam_v_BalanceBeam_g03_c01/seed_42/rat_dp/rat_intermediate_merged.mp4,29.348823,False,private RAT-DP risk scores from the existing run,,,False,8.000000,0.000100,159.920684,20,14,14.958492,0.101234,14.917264,8.625509,16.902788,0.431024,4.257704,6.725552,0.100694,14.917264,5.157937,27.703444,0.952653,9.460905,179.701089,0.100694,14.917264,5.157937,27.703444,0.952653,9.460905,179.701089,0.100694,0.101234,0.446614,0.449010,0.288501,4.435373,0.100694,0.100694,1.000000,1.000000,1.000000,9.931111,0.446614,4.435373,1.000000,9.931111
BalanceBeam_v_BalanceBeam_g03_c01,BalanceBeam,Motion-only-mask,42,data/ucf101_rescue/UCF-101/BalanceBeam/v_BalanceBeam_g03_c01.avi,data/backend_inputs/BalanceBeam_v_BalanceBeam_g03_c01/seed_42/rat_dp/rat_intermediate_merged.mp4,29.348823,False,backend frame-difference motion-only scores,,,False,8.000000,0.000100,159.920684,20,14,15.012321,0.101234,14.982697,6.621851,19.663101,0.694081,6.856218,20.143041,0.100694,14.982697,7.404831,18.253096,0.576486,5.725146,12.157002,0.100702,14.982697,5.194044,28.413310,0.959183,9.525007,209.858478,0.100702,0.101234,0.726794,0.730635,0.573205,7.217306,0.100702,0.100694,0.595748,0.595702,0.424223,5.915982,0.726794,7.217306,0.595748,5.915982
BalanceBeam_v_BalanceBeam_g03_c01,BalanceBeam,Random-mask,42,data/ucf101_rescue/UCF-101/BalanceBeam/v_BalanceBeam_g03_c01.avi,data/backend_inputs/BalanceBeam_v_BalanceBeam_g03_c01/seed_42/rat_dp/rat_intermediate_merged.mp4,29.348823,False,public seeded random scores independent of video content,,,False,8.000000,0.000100,159.920684,20,14,14.295149,0.101234,14.254865,14.335393,14.245887,0.099374,0.981628,0.979601,0.100694,14.254865,14.562409,14.221747,0.093810,0.931635,0.924557,0.102064,14.254865,4.551590,27.088265,0.953237,9.339582,179.336033,0.102064,0.101234,0.104832,0.103979,0.055077,1.027115,0.102064,0.100694,0.104603,0.103198,0.054794,1.024875,0.104832,1.027115,0.104603,1.024875
BalanceBeam_v_BalanceBeam_g03_c01,BalanceBeam,Shifted-RAT-mask,42,data/ucf101_rescue/UCF-101/BalanceBeam/v_BalanceBeam_g03_c01.avi,data/backend_inputs/BalanceBeam_v_BalanceBeam_g03_c01/seed_42/rat_dp/rat_intermediate_merged.mp4,29.348823,False,RAT scores shifted by a fixed public spatial offset,,,False,8.000000,0.000100,159.920684,20,14,14.371642,0.101234,14.322409,16.281815,14.148318,0.064474,0.636883,0.611858,0.100694,14.322409,19.526258,13.995479,0.030382,0.301728,0.279848,0.100874,14.322409,4.568736,27.150751,0.953120,9.448597,181.218081,0.100874,0.101234,0.060957,0.061175,0.031495,0.604291,0.100874,0.100694,0.023300,0.023258,0.011776,0.230977,0.060957,0.604291,0.023300,0.230977
BalanceBeam_v_BalanceBeam_g03_c01,BalanceBeam,RAT-no-trajectory-mask,42,data/ucf101_rescue/UCF-101/BalanceBeam/v_BalanceBeam_g03_c01.avi,data/backend_inputs/BalanceBeam_v_BalanceBeam_g03_c01/seed_42/rat_dp/rat_intermediate_merged.mp4,29.348823,False,same RAT cue fusion without trajectory propagation,,,False,8.000000,0.000100,159.920684,20,14,14.961173,0.101234,14.917585,8.740178,16.818448,0.419823,4.147064,6.424317,0.100694,14.917585,6.963935,18.758121,0.628590,6.242593,15.115362,0.100653,14.917585,5.155442,27.725624,0.952889,9.467042,180.724974,0.100653,0.101234,0.441153,0.443697,0.284045,4.382898,0.100653,0.100694,0.657591,0.657855,0.490005,6.533227,0.441153,4.382898,0.657591,6.533227
BalanceBeam_v_BalanceBeam_g03_c01,BalanceBeam,Shifted-RAT-fusion-mask,42,data/ucf101_rescue/UCF-101/BalanceBeam/v_BalanceBeam_g03_c01.avi,data/backend_inputs/BalanceBeam_v_BalanceBeam_g03_c01/seed_42/rat_dp/rat_intermediate_merged.mp4,29.348823,False,RAT cue-fusion scores shifted by a fixed public spatial offset,,,False,8.000000,0.000100,159.920684,20,14,14.435380,0.101234,14.386865,15.801484,14.252961,0.073091,0.722002,0.700080,0.100694,14.386865,18.705756,14.090801,0.037249,0.369923,0.345545,0.101059,14.386865,4.638940,27.259532,0.953606,9.436099,182.834954,0.101059,0.101234,0.067040,0.067156,0.034713,0.663371,0.101059,0.100694,0.031390,0.031276,0.015916,0.310608,0.067040,0.663371,0.031390,0.310608
BalanceBeam_v_BalanceBeam_g03_c01,BalanceBeam,VideoMAE-only-mask,42,data/ucf101_rescue/UCF-101/BalanceBeam/v_BalanceBeam_g03_c01.avi,data/backend_inputs/BalanceBeam_v_BalanceBeam_g03_c01/seed_42/rat_dp/rat_intermediate_merged.mp4,29.348823,False,VideoMAE semantic-token salience only,,,False,8.000000,0.000100,159.920684,20,14,13.296224,0.101234,13.257370,22.186191,12.850468,0.012955,0.127973,0.116527,0.100694,13.257370,22.474125,12.849138,0.012059,0.119763,0.109019,0.100937,13.257370,3.470189,26.896276,0.961105,9.521778,220.094222,0.100937,0.101234,0.000000,0.000000,0.000000,0.000000,0.100937,0.100694,0.005088,0.005076,0.002548,0.050412,0.000000,0.000000,0.005088,0.050412
BalanceBeam_v_BalanceBeam_g10_c03,BalanceBeam,RAT-mask,42,data/ucf101_rescue/UCF-101/BalanceBeam/v_BalanceBeam_g10_c03.avi,data/backend_inputs/BalanceBeam_v_BalanceBeam_g10_c03/seed_42/rat_dp/rat_intermediate_merged.mp4,27.844678,False,private RAT-DP risk scores from the existing run,,,False,8.000000,0.000100,116.752496,20,14,14.722885,0.101448,14.601461,8.978884,16.145246,0.370255,3.649705,5.207583,0.101682,14.601461,5.044386,25.009679,0.918227,9.030411,99.204035,0.101682,14.601461,5.044386,25.009679,0.918227,9.030411,99.204035,0.101682,0.101448,0.384397,0.383513,0.237589,3.780397,0.101682,0.101682,1.000000,1.000000,1.000000,9.834614,0.384397,3.780397,1.000000,9.834614
BalanceBeam_v_BalanceBeam_g10_c03,BalanceBeam,Motion-only-mask,42,data/ucf101_rescue/UCF-101/BalanceBeam/v_BalanceBeam_g10_c03.avi,data/backend_inputs/BalanceBeam_v_BalanceBeam_g10_c03/seed_42/rat_dp/rat_intermediate_merged.mp4,27.844678,False,backend frame-difference motion-only scores,,,False,8.000000,0.000100,116.752496,20,14,14.791454,0.101448,14.706505,5.747744,21.193021,0.798214,7.868212,35.037068,0.101682,14.706505,9.162555,16.209308,0.364450,3.584222,5.066118,0.101428,14.706505,5.080701,25.825299,0.930550,9.174457,118.702484,0.101428,0.101448,0.848157,0.848321,0.736471,8.362133,0.101428,0.101682,0.380590,0.381541,0.235380,3.752305,0.848157,8.362133,0.380590,3.752305
BalanceBeam_v_BalanceBeam_g10_c03,BalanceBeam,Random-mask,42,data/ucf101_rescue/UCF-101/BalanceBeam/v_BalanceBeam_g10_c03.avi,data/backend_inputs/BalanceBeam_v_BalanceBeam_g10_c03/seed_42/rat_dp/rat_intermediate_merged.mp4,27.844678,False,public seeded random scores independent of video content,,,False,8.000000,0.000100,116.752496,20,14,14.246647,0.101448,14.152223,14.134923,14.154181,0.101853,1.003991,1.004444,0.101682,14.152223,14.331669,14.132371,0.097566,0.959523,0.955147,0.102022,14.152223,4.604290,24.619761,0.919367,9.011421,100.356863,0.102022,0.101448,0.091449,0.090934,0.047773,0.896359,0.102022,0.101682,0.102005,0.101664,0.053649,0.999828,0.091449,0.896359,0.102005,0.999828
BalanceBeam_v_BalanceBeam_g10_c03,BalanceBeam,Shifted-RAT-mask,42,data/ucf101_rescue/UCF-101/BalanceBeam/v_BalanceBeam_g10_c03.avi,data/backend_inputs/BalanceBeam_v_BalanceBeam_g10_c03/seed_42/rat_dp/rat_intermediate_merged.mp4,27.844678,False,RAT scores shifted by a fixed public spatial offset,,,False,8.000000,0.000100,116.752496,20,14,14.200018,0.101448,14.088309,13.767090,14.126115,0.109236,1.076768,1.086182,0.101682,14.088309,16.952067,13.857212,0.052586,0.517159,0.490359,0.101300,14.088309,4.511505,24.536743,0.918947,9.071527,100.582814,0.101300,0.101448,0.104131,0.104283,0.054967,1.027945,0.101300,0.101682,0.042730,0.042891,0.021873,0.421817,0.104131,1.027945,0.042730,0.421817
BalanceBeam_v_BalanceBeam_g10_c03,BalanceBeam,RAT-no-trajectory-mask,42,data/ucf101_rescue/UCF-101/BalanceBeam/v_BalanceBeam_g10_c03.avi,data/backend_inputs/BalanceBeam_v_BalanceBeam_g10_c03/seed_42/rat_dp/rat_intermediate_merged.mp4,27.844678,False,same RAT cue fusion without trajectory propagation,,,False,8.000000,0.000100,116.752496,20,14,14.781251,0.101448,14.657897,8.753276,16.376481,0.395098,3.894593,5.785228,0.101682,14.657897,6.592338,18.768005,0.651326,6.405541,16.503144,0.101558,14.657897,5.097972,25.039476,0.917713,9.036339,98.662116,0.101558,0.101448,0.412908,0.412460,0.259988,4.065733,0.101558,0.101682,0.703211,0.704068,0.542780,6.924233,0.412908,4.065733,0.703211,6.924233
BalanceBeam_v_BalanceBeam_g10_c03,BalanceBeam,Shifted-RAT-fusion-mask,42,data/ucf101_rescue/UCF-101/BalanceBeam/v_BalanceBeam_g10_c03.avi,data/backend_inputs/BalanceBeam_v_BalanceBeam_g10_c03/seed_42/rat_dp/rat_intermediate_merged.mp4,27.844678,False,RAT cue-fusion scores shifted by a fixed public spatial offset,,,False,8.000000,0.000100,116.752496,20,14,14.099829,0.101448,13.988978,13.365793,14.065301,0.117101,1.154299,1.174765,0.101682,13.988978,14.473049,13.937435,0.090957,0.894526,0.883972,0.101303,13.988978,4.403109,24.542993,0.920894,9.090480,103.273386,0.101303,0.101448,0.117077,0.117245,0.062226,1.155712,0.101303,0.101682,0.096096,0.096455,0.050572,0.948599,0.117077,1.155712,0.096096,0.948599
BalanceBeam_v_BalanceBeam_g10_c03,BalanceBeam,VideoMAE-only-mask,42,data/ucf101_rescue/UCF-101/BalanceBeam/v_BalanceBeam_g10_c03.avi,data/backend_inputs/BalanceBeam_v_BalanceBeam_g10_c03/seed_42/rat_dp/rat_intermediate_merged.mp4,27.844678,False,VideoMAE semantic-token salience only,,,False,8.000000,0.000100,116.752496,20,14,13.199160,0.101448,13.113473,19.727047,12.746073,0.022125,0.218093,0.200402,0.101682,13.113473,20.303004,12.732954,0.019422,0.191006,0.174983,0.100937,13.113473,3.459350,24.332997,0.932105,9.234477,122.282598,0.100937,0.101448,0.000000,0.000000,0.000000,0.000000,0.100937,0.101682,0.009454,0.009524,0.004767,0.093663,0.000000,0.000000,0.009454,0.093663
Basketball_v_Basketball_g01_c01,Basketball,RAT-mask,42,data/ucf101_rescue/UCF-101/Basketball/v_Basketball_g01_c01.avi,data/backend_inputs/Basketball_v_Basketball_g01_c01/seed_42/rat_dp/rat_intermediate_merged.mp4,30.835291,False,private RAT-DP risk scores from the existing run,,,False,8.000000,0.000100,135.294793,20,14,14.154016,0.102032,14.040977,14.664293,13.975496,0.088390,0.866300,0.853337,0.103292,14.040977,4.463351,25.587407,0.937193,9.073242,129.540499,0.103292,14.040977,4.463351,25.587407,0.937193,9.073242,129.540499,0.103292,0.102032,0.102394,0.101145,0.053611,0.991311,0.103292,0.103292,1.000000,1.000000,1.000000,9.681295,0.102394,0.991311,1.000000,9.681295
Basketball_v_Basketball_g01_c01,Basketball,Motion-only-mask,42,data/ucf101_rescue/UCF-101/Basketball/v_Basketball_g01_c01.avi,data/backend_inputs/Basketball_v_Basketball_g01_c01/seed_42/rat_dp/rat_intermediate_merged.mp4,30.835291,False,backend frame-difference motion-only scores,,,False,8.000000,0.000100,135.294793,20,14,14.552630,0.102032,14.436258,8.404835,16.254068,0.409146,4.009981,6.094293,0.103292,14.436258,7.698184,16.864874,0.487387,4.718538,8.254086,0.102519,14.436258,4.843793,25.729150,0.933360,9.104301,122.612773,0.102519,0.102032,0.464073,0.461871,0.301210,4.526723,0.102519,0.103292,0.491985,0.495697,0.327875,4.798985,0.464073,4.526723,0.491985,4.798985
Basketball_v_Basketball_g01_c01,Basketball,Random-mask,42,data/ucf101_rescue/UCF-101/Basketball/v_Basketball_g01_c01.avi,data/backend_inputs/Basketball_v_Basketball_g01_c01/seed_42/rat_dp/rat_intermediate_merged.mp4,30.835291,False,public seeded random scores independent of video content,,,False,8.000000,0.000100,135.294793,20,14,14.721186,0.102032,14.576322,14.600823,14.573547,0.101458,0.994374,0.993739,0.103292,14.576322,13.976507,14.651053,0.118590,1.148105,1.168032,0.102083,14.576322,5.017140,25.204526,0.922301,9.034793,104.409147,0.102083,0.102032,0.094351,0.094304,0.049498,0.924256,0.102083,0.103292,0.102366,0.103578,0.054279,1.002768,0.094351,0.924256,0.102366,1.002768
Basketball_v_Basketball_g01_c01,Basketball,Shifted-RAT-mask,42,data/ucf101_rescue/UCF-101/Basketball/v_Basketball_g01_c01.avi,data/backend_inputs/Basketball_v_Basketball_g01_c01/seed_42/rat_dp/rat_intermediate_merged.mp4,30.835291,False,RAT scores shifted by a fixed public spatial offset,,,False,8.000000,0.000100,135.294793,20,14,14.792276,0.102032,14.665081,17.749374,14.421158,0.050154,0.491553,0.464706,0.103292,14.665081,19.060690,14.357769,0.037541,0.363445,0.338616,0.101801,14.665081,5.079301,25.471458,0.925401,9.090296,109.449995,0.101801,0.102032,0.050898,0.051013,0.026144,0.499972,0.101801,0.103292,0.037692,0.038244,0.019351,0.370256,0.050898,0.499972,0.037692,0.370256
Basketball_v_Basketball_g01_c01,Basketball,RAT-no-trajectory-mask,42,data/ucf101_rescue/UCF-101/Basketball/v_Basketball_g01_c01.avi,data/backend_inputs/Basketball_v_Basketball_g01_c01/seed_42/rat_dp/rat_intermediate_merged.mp4,30.835291,False,same RAT cue fusion without trajectory propagation,,,False,8.000000,0.000100,135.294793,20,14,14.386615,0.102032,14.266181,12.849526,14.460802,0.141384,1.385688,1.449197,0.103292,14.266181,7.415119,16.805019,0.500233,4.842907,8.689404,0.102115,14.266181,4.656524,25.561774,0.933371,9.140409,123.175680,0.102115,0.102032,0.157413,0.157285,0.085393,1.541528,0.102115,0.103292,0.511394,0.517289,0.346189,5.008025,0.157413,1.541528,0.511394,5.008025
Basketball_v_Basketball_g01_c01,Basketball,Shifted-RAT-fusion-mask,42,data/ucf101_rescue/UCF-101/Basketball/v_Basketball_g01_c01.avi,data/backend_inputs/Basketball_v_Basketball_g01_c01/seed_42/rat_dp/rat_intermediate_merged.mp4,30.835291,False,RAT cue-fusion scores shifted by a fixed public spatial offset,,,False,8.000000,0.000100,135.294793,20,14,14.830671,0.102032,14.703548,16.605750,14.531962,0.065844,0.645327,0.620328,0.103292,14.703548,17.553030,14.469285,0.053594,0.518862,0.491615,0.101733,14.703548,5.117597,25.476769,0.924823,9.090653,108.621847,0.101733,0.102032,0.067176,0.067373,0.034808,0.660317,0.101733,0.103292,0.052374,0.053177,0.027101,0.514818,0.067176,0.660317,0.052374,0.514818
Basketball_v_Basketball_g01_c01,Basketball,VideoMAE-only-mask,42,data/ucf101_rescue/UCF-101/Basketball/v_Basketball_g01_c01.avi,data/backend_inputs/Basketball_v_Basketball_g01_c01/seed_42/rat_dp/rat_intermediate_merged.mp4,30.835291,False,VideoMAE semantic-token salience only,,,False,8.000000,0.000100,135.294793,20,14,15.508982,0.102032,15.361407,20.897713,15.019665,0.028517,0.279492,0.258342,0.103292,15.361407,23.419168,14.958649,0.016154,0.156395,0.142544,0.100937,15.361407,5.802383,25.450356,0.911916,9.034466,92.214090,0.100937,0.102032,0.021956,0.022194,0.011160,0.217522,0.100937,0.103292,0.010077,0.010312,0.005123,0.099830,0.021956,0.217522,0.010077,0.099830
Basketball_v_Basketball_g02_c01,Basketball,RAT-mask,42,data/ucf101_rescue/UCF-101/Basketball/v_Basketball_g02_c01.avi,data/backend_inputs/Basketball_v_Basketball_g02_c01/seed_42/rat_dp/rat_intermediate_merged.mp4,31.782008,False,private RAT-DP risk scores from the existing run,,,False,8.000000,0.000100,82.948676,20,14,15.431030,0.100384,15.159728,10.848575,16.072323,0.270882,2.698456,3.329468,0.101324,15.159728,5.825469,23.530901,0.869237,8.578788,58.958067,0.101324,15.159728,5.825469,23.530901,0.869237,8.578788,58.958067,0.101324,0.100384,0.295675,0.292933,0.172537,2.918116,0.101324,0.101324,1.000000,1.000000,1.000000,9.869335,0.295675,2.918116,1.000000,9.869335
Basketball_v_Basketball_g02_c01,Basketball,Motion-only-mask,42,data/ucf101_rescue/UCF-101/Basketball/v_Basketball_g02_c01.avi,data/backend_inputs/Basketball_v_Basketball_g02_c01/seed_42/rat_dp/rat_intermediate_merged.mp4,31.782008,False,backend frame-difference motion-only scores,,,False,8.000000,0.000100,82.948676,20,14,15.476962,0.100384,15.200913,7.275423,18.973554,0.622608,6.202246,14.784717,0.101324,15.200913,9.223939,16.964453,0.401245,3.960021,5.943625,0.100014,15.200913,5.817567,23.529231,0.867747,8.676302,59.042732,0.100014,0.100384,0.696391,0.698972,0.535720,6.962966,0.100014,0.101324,0.442321,0.448117,0.286339,4.422612,0.696391,6.962966,0.442321,4.422612
Basketball_v_Basketball_g02_c01,Basketball,Random-mask,42,data/ucf101_rescue/UCF-101/Basketball/v_Basketball_g02_c01.avi,data/backend_inputs/Basketball_v_Basketball_g02_c01/seed_42/rat_dp/rat_intermediate_merged.mp4,31.782008,False,public seeded random scores independent of video content,,,False,8.000000,0.000100,82.948676,20,14,15.516093,0.100384,15.217158,15.391476,15.198133,0.096435,0.960657,0.956457,0.101324,15.217158,15.255052,15.212906,0.100444,0.991312,0.990342,0.102056,15.217158,5.980292,23.168974,0.856098,8.388544,52.344153,0.102056,0.100384,0.090758,0.089271,0.047125,0.889298,0.102056,0.101324,0.091708,0.091050,0.047876,0.898608,0.090758,0.889298,0.091708,0.898608
Basketball_v_Basketball_g02_c01,Basketball,Shifted-RAT-mask,42,data/ucf101_rescue/UCF-101/Basketball/v_Basketball_g02_c01.avi,data/backend_inputs/Basketball_v_Basketball_g02_c01/seed_42/rat_dp/rat_intermediate_merged.mp4,31.782008,False,RAT scores shifted by a fixed public spatial offset,,,False,8.000000,0.000100,82.948676,20,14,15.425000,0.100384,15.151469,17.511595,14.952904,0.058298,0.580748,0.554793,0.101324,15.151469,21.174813,14.798858,0.025315,0.249842,0.230359,0.101806,15.151469,5.864140,23.349365,0.863987,8.486584,56.043149,0.101806,0.100384,0.050550,0.049844,0.025743,0.496533,0.101806,0.101324,0.018796,0.018707,0.009464,0.184625,0.050550,0.496533,0.018796,0.184625
Basketball_v_Basketball_g02_c01,Basketball,RAT-no-trajectory-mask,42,data/ucf101_rescue/UCF-101/Basketball/v_Basketball_g02_c01.avi,data/backend_inputs/Basketball_v_Basketball_g02_c01/seed_42/rat_dp/rat_intermediate_merged.mp4,31.782008,False,same RAT cue fusion without trajectory propagation,,,False,8.000000,0.000100,82.948676,20,14,15.418241,0.100384,15.146891,10.606189,16.147956,0.285585,2.844920,3.582422,0.101324,15.146891,7.723197,18.247039,0.559863,5.525471,11.281951,0.100520,15.146891,5.782866,23.489924,0.868269,8.637786,58.980136,0.100520,0.100384,0.312542,0.312121,0.185067,3.109259,0.100520,0.101324,0.641063,0.646191,0.474510,6.377477,0.312542,3.109259,0.641063,6.377477
Basketball_v_Basketball_g02_c01,Basketball,Shifted-RAT-fusion-mask,42,data/ucf101_rescue/UCF-101/Basketball/v_Basketball_g02_c01.avi,data/backend_inputs/Basketball_v_Basketball_g02_c01/seed_42/rat_dp/rat_intermediate_merged.mp4,31.782008,False,RAT cue-fusion scores shifted by a fixed public spatial offset,,,False,8.000000,0.000100,82.948676,20,14,15.374331,0.100384,15.105213,16.846163,14.948043,0.067231,0.669738,0.645934,0.101324,15.105213,20.165774,14.780686,0.031598,0.311849,0.289395,0.101892,15.105213,5.816970,23.331765,0.864894,8.488369,56.426024,0.101892,0.100384,0.061076,0.060173,0.031258,0.599423,0.101892,0.101324,0.026826,0.026677,0.013557,0.263284,0.061076,0.599423,0.026826,0.263284
Basketball_v_Basketball_g02_c01,Basketball,VideoMAE-only-mask,42,data/ucf101_rescue/UCF-101/Basketball/v_Basketball_g02_c01.avi,data/backend_inputs/Basketball_v_Basketball_g02_c01/seed_42/rat_dp/rat_intermediate_merged.mp4,31.782008,False,VideoMAE semantic-token salience only,,,False,8.000000,0.000100,82.948676,20,14,15.697321,0.100384,15.405656,13.401588,15.699544,0.159247,1.586378,1.697445,0.101324,15.405656,21.160664,15.060240,0.026928,0.265766,0.245447,0.100937,15.405656,6.115733,23.394030,0.857126,8.491653,53.435479,0.100937,0.100384,0.171205,0.170266,0.093335,1.696147,0.100937,0.101324,0.018796,0.018868,0.009505,0.186214,0.171205,1.696147,0.018796,0.186214
Basketball_v_Basketball_g03_c01,Basketball,RAT-mask,42,data/ucf101_rescue/UCF-101/Basketball/v_Basketball_g03_c01.avi,data/backend_inputs/Basketball_v_Basketball_g03_c01/seed_42/rat_dp/rat_intermediate_merged.mp4,27.250143,False,private RAT-DP risk scores from the existing run,,,False,8.000000,0.000100,133.847748,20,14,14.302454,0.102294,14.142530,8.827647,15.530119,0.347809,3.400073,4.680015,0.102339,14.142530,4.696350,23.711265,0.900862,8.802741,79.706086,0.102339,14.142530,4.696350,23.711265,0.900862,8.802741,79.706086,0.102339,0.102294,0.367630,0.367471,0.225153,3.592282,0.102339,0.102339,1.000000,1.000000,1.000000,9.771461,0.367630,3.592282,1.000000,9.771461
Basketball_v_Basketball_g03_c01,Basketball,Motion-only-mask,42,data/ucf101_rescue/UCF-101/Basketball/v_Basketball_g03_c01.avi,data/backend_inputs/Basketball_v_Basketball_g03_c01/seed_42/rat_dp/rat_intermediate_merged.mp4,27.250143,False,backend frame-difference motion-only scores,,,False,8.000000,0.000100,133.847748,20,14,14.449647,0.102294,14.283833,6.362444,18.178662,0.633857,6.196392,15.192238,0.102339,14.283833,7.412040,16.807825,0.497989,4.866080,8.701187,0.102306,14.283833,4.853349,23.700518,0.897326,8.770986,76.686152,0.102306,0.102294,0.698083,0.698003,0.536149,6.823465,0.102306,0.102339,0.532919,0.533089,0.363330,5.209060,0.698083,6.823465,0.532919,5.209060
Basketball_v_Basketball_g03_c01,Basketball,Random-mask,42,data/ucf101_rescue/UCF-101/Basketball/v_Basketball_g03_c01.avi,data/backend_inputs/Basketball_v_Basketball_g03_c01/seed_42/rat_dp/rat_intermediate_merged.mp4,27.250143,False,public seeded random scores independent of video content,,,False,8.000000,0.000100,133.847748,20,14,14.700304,0.102294,14.524992,14.103434,14.575733,0.112722,1.101934,1.114884,0.102339,14.524992,13.954619,14.595043,0.116702,1.140348,1.158891,0.101963,14.524992,5.122007,23.591839,0.888671,8.715625,70.304518,0.101963,0.102294,0.111321,0.111683,0.059043,1.091783,0.101963,0.102339,0.104828,0.105214,0.055420,1.028096,0.111321,1.091783,0.104828,1.028096
Basketball_v_Basketball_g03_c01,Basketball,Shifted-RAT-mask,42,data/ucf101_rescue/UCF-101/Basketball/v_Basketball_g03_c01.avi,data/backend_inputs/Basketball_v_Basketball_g03_c01/seed_42/rat_dp/rat_intermediate_merged.mp4,27.250143,False,RAT scores shifted by a fixed public spatial offset,,,False,8.000000,0.000100,133.847748,20,14,15.191802,0.102294,14.988785,14.245646,15.082140,0.121385,1.186626,1.212409,0.102339,14.988785,15.297918,14.954900,0.095308,0.931294,0.924056,0.101690,14.988785,5.651555,23.484053,0.872972,8.584658,60.708543,0.101690,0.102294,0.102753,0.103365,0.054329,1.010460,0.101690,0.102339,0.081926,0.082449,0.042854,0.805644,0.102753,1.010460,0.081926,0.805644
Basketball_v_Basketball_g03_c01,Basketball,RAT-no-trajectory-mask,42,data/ucf101_rescue/UCF-101/Basketball/v_Basketball_g03_c01.avi,data/backend_inputs/Basketball_v_Basketball_g03_c01/seed_42/rat_dp/rat_intermediate_merged.mp4,27.250143,False,same RAT cue fusion without trajectory propagation,,,False,8.000000,0.000100,133.847748,20,14,14.301048,0.102294,14.138224,9.296315,15.293173,0.311920,3.049235,3.978193,0.102339,14.138224,6.754177,17.238096,0.560332,5.475259,11.178714,0.102469,14.138224,4.701068,23.674462,0.900132,8.784469,78.947674,0.102469,0.102294,0.337167,0.336594,0.202559,3.290440,0.102469,0.102339,0.626864,0.626070,0.456099,6.117619,0.337167,3.290440,0.626864,6.117619
Basketball_v_Basketball_g03_c01,Basketball,Shifted-RAT-fusion-mask,42,data/ucf101_rescue/UCF-101/Basketball/v_Basketball_g03_c01.avi,data/backend_inputs/Basketball_v_Basketball_g03_c01/seed_42/rat_dp/rat_intermediate_merged.mp4,27.250143,False,RAT cue-fusion scores shifted by a fixed public spatial offset,,,False,8.000000,0.000100,133.847748,20,14,15.220997,0.102294,15.014854,13.918090,15.159408,0.131683,1.287290,1.330859,0.102339,15.014854,13.281557,15.264762,0.152535,1.490492,1.578776,0.101609,15.014854,5.679873,23.471409,0.871823,8.580213,60.138631,0.101609,0.102294,0.124063,0.124901,0.066371,1.220991,0.101609,0.102339,0.144416,0.145454,0.078128,1.421301,0.124063,1.220991,0.144416,1.421301
Basketball_v_Basketball_g03_c01,Basketball,VideoMAE-only-mask,42,data/ucf101_rescue/UCF-101/Basketball/v_Basketball_g03_c01.avi,data/backend_inputs/Basketball_v_Basketball_g03_c01/seed_42/rat_dp/rat_intermediate_merged.mp4,27.250143,False,VideoMAE semantic-token salience only,,,False,8.000000,0.000100,133.847748,20,14,15.521532,0.102294,15.305517,19.265844,15.019113,0.041098,0.401761,0.376120,0.102339,15.305517,22.572448,14.920846,0.019202,0.187632,0.171727,0.100937,15.305517,5.985773,23.477227,0.863032,8.550163,56.123584,0.100937,0.102294,0.028601,0.028986,0.014606,0.283354,0.100937,0.102339,0.007147,0.007246,0.003611,0.070808,0.028601,0.283354,0.007147,0.070808
Basketball_v_Basketball_g04_c01,Basketball,RAT-mask,42,data/ucf101_rescue/UCF-101/Basketball/v_Basketball_g04_c01.avi,data/backend_inputs/Basketball_v_Basketball_g04_c01/seed_42/rat_dp/rat_intermediate_merged.mp4,28.040790,False,private RAT-DP risk scores from the existing run,,,False,8.000000,0.000100,118.955568,20,14,14.176239,0.101551,14.006646,11.140721,14.491511,0.196461,1.934606,2.163112,0.099642,14.006646,4.434584,23.679381,0.902917,9.061626,84.038767,0.099642,14.006646,4.434584,23.679381,0.902917,9.061626,84.038767,0.099642,0.101551,0.207575,0.211552,0.117034,2.083207,0.099642,0.099642,1.000000,1.000000,1.000000,10.035942,0.207575,2.083207,1.000000,10.035942
Basketball_v_Basketball_g04_c01,Basketball,Motion-only-mask,42,data/ucf101_rescue/UCF-101/Basketball/v_Basketball_g04_c01.avi,data/backend_inputs/Basketball_v_Basketball_g04_c01/seed_42/rat_dp/rat_intermediate_merged.mp4,28.040790,False,backend frame-difference motion-only scores,,,False,8.000000,0.000100,118.955568,20,14,14.532024,0.101551,14.353233,6.176645,18.668081,0.667334,6.571414,17.747764,0.099642,14.353233,9.551862,15.452667,0.301009,3.020905,3.891173,0.101330,14.353233,4.874713,23.830916,0.898648,8.868537,78.635800,0.101330,0.101551,0.740212,0.741827,0.588586,7.304968,0.101330,0.099642,0.307178,0.302061,0.179661,3.031465,0.740212,7.304968,0.307178,3.031465
Basketball_v_Basketball_g04_c01,Basketball,Random-mask,42,data/ucf101_rescue/UCF-101/Basketball/v_Basketball_g04_c01.avi,data/backend_inputs/Basketball_v_Basketball_g04_c01/seed_42/rat_dp/rat_intermediate_merged.mp4,28.040790,False,public seeded random scores independent of video content,,,False,8.000000,0.000100,118.955568,20,14,14.547983,0.101551,14.372432,14.006327,14.415823,0.110483,1.087954,1.098878,0.099642,14.372432,14.083436,14.405629,0.106498,1.068808,1.077009,0.102145,14.372432,4.953247,23.634513,0.893586,8.748195,73.811931,0.102145,0.101551,0.103710,0.103106,0.054523,1.015316,0.102145,0.099642,0.098704,0.096285,0.051237,0.966308,0.103710,1.015316,0.098704,0.966308
Basketball_v_Basketball_g04_c01,Basketball,Shifted-RAT-mask,42,data/ucf101_rescue/UCF-101/Basketball/v_Basketball_g04_c01.avi,data/backend_inputs/Basketball_v_Basketball_g04_c01/seed_42/rat_dp/rat_intermediate_merged.mp4,28.040790,False,RAT scores shifted by a fixed public spatial offset,,,False,8.000000,0.000100,118.955568,20,14,15.110146,0.101551,14.892677,13.136424,15.144489,0.152163,1.498391,1.587839,0.099642,14.892677,14.769816,14.906490,0.102501,1.028694,1.031971,0.101851,14.892677,5.543523,23.518501,0.876756,8.608262,62.733253,0.101851,0.101551,0.135683,0.135284,0.072664,1.332182,0.101851,0.099642,0.087107,0.085218,0.045015,0.855245,0.135683,1.332182,0.087107,0.855245
Basketball_v_Basketball_g04_c01,Basketball,RAT-no-trajectory-mask,42,data/ucf101_rescue/UCF-101/Basketball/v_Basketball_g04_c01.avi,data/backend_inputs/Basketball_v_Basketball_g04_c01/seed_42/rat_dp/rat_intermediate_merged.mp4,28.040790,False,same RAT cue fusion without trajectory propagation,,,False,8.000000,0.000100,118.955568,20,14,14.058948,0.101551,13.892078,11.729020,14.221111,0.167105,1.645530,1.775044,0.099642,13.892078,5.374427,18.786618,0.708283,7.108290,21.939112,0.099567,13.892078,4.305266,23.673379,0.905306,9.092457,86.459226,0.099567,0.101551,0.177698,0.181240,0.098570,1.784715,0.099567,0.099642,0.761648,0.762222,0.615424,7.649619,0.177698,1.784715,0.761648,7.649619
Basketball_v_Basketball_g04_c01,Basketball,Shifted-RAT-fusion-mask,42,data/ucf101_rescue/UCF-101/Basketball/v_Basketball_g04_c01.avi,data/backend_inputs/Basketball_v_Basketball_g04_c01/seed_42/rat_dp/rat_intermediate_merged.mp4,28.040790,False,RAT cue-fusion scores shifted by a fixed public spatial offset,,,False,8.000000,0.000100,118.955568,20,14,15.006134,0.101551,14.791651,12.728953,15.100824,0.163288,1.607940,1.726582,0.099642,14.791651,14.090524,14.876685,0.117099,1.175202,1.198439,0.101837,14.791651,5.425113,23.538949,0.880153,8.642786,64.771456,0.101837,0.101551,0.154081,0.153649,0.083344,1.513021,0.101837,0.099642,0.104920,0.102659,0.054728,1.030275,0.154081,1.513021,0.104920,1.030275
Basketball_v_Basketball_g04_c01,Basketball,VideoMAE-only-mask,42,data/ucf101_rescue/UCF-101/Basketball/v_Basketball_g04_c01.avi,data/backend_inputs/Basketball_v_Basketball_g04_c01/seed_42/rat_dp/rat_intermediate_merged.mp4,28.040790,False,VideoMAE semantic-token salience only,,,False,8.000000,0.000100,118.955568,20,14,14.317353,0.101551,14.135248,20.018875,13.785490,0.026201,0.258010,0.238046,0.099642,14.135248,21.709308,13.755720,0.017420,0.174821,0.160192,0.100937,14.135248,4.666303,23.387298,0.893197,8.849007,74.490258,0.100937,0.101551,0.005519,0.005553,0.002776,0.054681,0.100937,0.099642,0.009294,0.009174,0.004638,0.092073,0.005519,0.054681,0.009294,0.092073
Biking_v_Biking_g01_c01,Biking,RAT-mask,42,data/ucf101_rescue/UCF-101/Biking/v_Biking_g01_c01.avi,data/backend_inputs/Biking_v_Biking_g01_c01/seed_42/rat_dp/rat_intermediate_merged.mp4,27.328544,False,private RAT-DP risk scores from the existing run,,,False,8.000000,0.000100,140.010304,20,14,14.742648,0.102646,14.530400,11.660959,15.022303,0.198740,1.936173,2.168375,0.103249,14.530400,5.177563,23.625362,0.889547,8.615563,69.948744,0.103249,14.530400,5.177563,23.625362,0.889547,8.615563,69.948744,0.103249,0.102646,0.200836,0.199662,0.111264,1.945162,0.103249,0.103249,1.000000,1.000000,1.000000,9.685332,0.200836,1.945162,1.000000,9.685332
Biking_v_Biking_g01_c01,Biking,Motion-only-mask,42,data/ucf101_rescue/UCF-101/Biking/v_Biking_g01_c01.avi,data/backend_inputs/Biking_v_Biking_g01_c01/seed_42/rat_dp/rat_intermediate_merged.mp4,27.328544,False,backend frame-difference motion-only scores,,,False,8.000000,0.000100,140.010304,20,14,14.807920,0.102646,14.614257,6.065850,19.908487,0.734820,7.158808,24.224995,0.103249,14.614257,11.659556,15.131142,0.203871,1.974559,2.224122,0.102732,14.614257,5.216586,23.901930,0.894281,8.704967,73.881279,0.102732,0.102646,0.819647,0.818956,0.693912,7.978480,0.102732,0.103249,0.212630,0.213699,0.119296,2.069750,0.819647,7.978480,0.212630,2.069750
Biking_v_Biking_g01_c01,Biking,Random-mask,42,data/ucf101_rescue/UCF-101/Biking/v_Biking_g01_c01.avi,data/backend_inputs/Biking_v_Biking_g01_c01/seed_42/rat_dp/rat_intermediate_merged.mp4,27.328544,False,public seeded random scores independent of video content,,,False,8.000000,0.000100,140.010304,20,14,15.247355,0.102646,15.026945,13.996404,15.162067,0.130135,1.267810,1.307875,0.103249,15.026945,14.325249,15.115526,0.121354,1.175356,1.199576,0.102024,15.026945,5.725182,23.377512,0.868717,8.514838,58.241560,0.102024,0.102646,0.104925,0.105564,0.055544,1.028431,0.102024,0.103249,0.106790,0.108072,0.056763,1.046717,0.104925,1.028431,0.106790,1.046717
Biking_v_Biking_g01_c01,Biking,Shifted-RAT-mask,42,data/ucf101_rescue/UCF-101/Biking/v_Biking_g01_c01.avi,data/backend_inputs/Biking_v_Biking_g01_c01/seed_42/rat_dp/rat_intermediate_merged.mp4,27.328544,False,RAT scores shifted by a fixed public spatial offset,,,False,8.000000,0.000100,140.010304,20,14,15.423861,0.102646,15.195081,14.063071,15.345589,0.133211,1.297780,1.343544,0.103249,15.195081,21.701578,14.823210,0.023080,0.223537,0.205193,0.100836,15.195081,5.868634,23.381948,0.863494,8.563370,56.406796,0.100836,0.102646,0.104484,0.106359,0.055639,1.036175,0.100836,0.103249,0.009314,0.009537,0.004734,0.092367,0.104484,1.036175,0.009314,0.092367
Biking_v_Biking_g01_c01,Biking,RAT-no-trajectory-mask,42,data/ucf101_rescue/UCF-101/Biking/v_Biking_g01_c01.avi,data/backend_inputs/Biking_v_Biking_g01_c01/seed_42/rat_dp/rat_intermediate_merged.mp4,27.328544,False,same RAT cue fusion without trajectory propagation,,,False,8.000000,0.000100,140.010304,20,14,14.899973,0.102646,14.689322,10.219135,15.689988,0.287315,2.799101,3.524400,0.103249,14.689322,8.072703,17.004102,0.473748,4.588406,7.818796,0.102191,14.689322,5.311058,23.637101,0.885605,8.666152,68.014925,0.102191,0.102646,0.295175,0.296488,0.173592,2.888459,0.102191,0.103249,0.507637,0.512891,0.342508,4.967519,0.295175,2.888459,0.507637,4.967519
Biking_v_Biking_g01_c01,Biking,Shifted-RAT-fusion-mask,42,data/ucf101_rescue/UCF-101/Biking/v_Biking_g01_c01.avi,data/backend_inputs/Biking_v_Biking_g01_c01/seed_42/rat_dp/rat_intermediate_merged.mp4,27.328544,False,RAT cue-fusion scores shifted by a fixed public spatial offset,,,False,8.000000,0.000100,140.010304,20,14,15.410371,0.102646,15.187768,14.473579,15.277483,0.120993,1.178742,1.203346,0.103249,15.187768,19.191929,14.896594,0.041065,0.397726,0.371935,0.100942,15.187768,5.865277,23.377977,0.863615,8.555572,56.398815,0.100942,0.102646,0.091035,0.092571,0.048106,0.901853,0.100942,0.103249,0.026380,0.026983,0.013519,0.261336,0.091035,0.901853,0.026380,0.261336
Biking_v_Biking_g01_c01,Biking,VideoMAE-only-mask,42,data/ucf101_rescue/UCF-101/Biking/v_Biking_g01_c01.avi,data/backend_inputs/Biking_v_Biking_g01_c01/seed_42/rat_dp/rat_intermediate_merged.mp4,27.328544,False,VideoMAE semantic-token salience only,,,False,8.000000,0.000100,140.010304,20,14,15.314767,0.102646,15.095530,13.503907,15.321193,0.148082,1.442654,1.519598,0.103249,15.095530,21.964116,14.715460,0.021234,0.205656,0.188423,0.100937,15.095530,5.751869,23.421053,0.867798,8.597381,58.468020,0.100937,0.102646,0.119478,0.121500,0.064102,1.183684,0.100937,0.103249,0.007780,0.007959,0.003950,0.077082,0.119478,1.183684,0.007780,0.077082
Biking_v_Biking_g02_c01,Biking,RAT-mask,42,data/ucf101_rescue/UCF-101/Biking/v_Biking_g02_c01.avi,data/backend_inputs/Biking_v_Biking_g02_c01/seed_42/rat_dp/rat_intermediate_merged.mp4,26.592130,False,private RAT-DP risk scores from the existing run,,,False,8.000000,0.000100,176.513183,20,14,14.637244,0.102378,14.412939,11.168040,15.001381,0.216121,2.111008,2.417320,0.101819,14.412939,5.111453,22.705406,0.866919,8.514293,57.463925,0.101819,14.412939,5.111453,22.705406,0.866919,8.514293,57.463925,0.101819,0.102378,0.221501,0.222716,0.124927,2.175435,0.101819,0.101819,1.000000,1.000000,1.000000,9.821328,0.221501,2.175435,1.000000,9.821328
Biking_v_Biking_g02_c01,Biking,Motion-only-mask,42,data/ucf101_rescue/UCF-101/Biking/v_Biking_g02_c01.avi,data/backend_inputs/Biking_v_Biking_g02_c01/seed_42/rat_dp/rat_intermediate_merged.mp4,26.592130,False,backend frame-difference motion-only scores,,,False,8.000000,0.000100,176.513183,20,14,14.460806,0.102378,14.245513,6.810249,17.413527,0.567195,5.540212,11.490205,0.101819,14.245513,10.758234,14.898919,0.227278,2.232173,2.594589,0.102404,14.245513,4.914252,22.909078,0.877898,8.572868,63.020608,0.102404,0.102378,0.634583,0.634420,0.464666,6.196843,0.102404,0.101819,0.251015,0.249581,0.143050,2.451214,0.634583,6.196843,0.251015,2.451214
Biking_v_Biking_g02_c01,Biking,Random-mask,42,data/ucf101_rescue/UCF-101/Biking/v_Biking_g02_c01.avi,data/backend_inputs/Biking_v_Biking_g02_c01/seed_42/rat_dp/rat_intermediate_merged.mp4,26.592130,False,public seeded random scores independent of video content,,,False,8.000000,0.000100,176.513183,20,14,14.427937,0.102378,14.203484,13.849189,14.245792,0.111080,1.084999,1.095621,0.101819,14.203484,13.971917,14.230531,0.107396,1.054767,1.061357,0.102068,14.203484,4.935149,22.350697,0.862431,8.449548,55.151176,0.102068,0.102378,0.102847,0.103159,0.054298,1.007633,0.102068,0.101819,0.103545,0.103293,0.054529,1.014472,0.102847,1.007633,0.103545,1.014472
Biking_v_Biking_g02_c01,Biking,Shifted-RAT-mask,42,data/ucf101_rescue/UCF-101/Biking/v_Biking_g02_c01.avi,data/backend_inputs/Biking_v_Biking_g02_c01/seed_42/rat_dp/rat_intermediate_merged.mp4,26.592130,False,RAT scores shifted by a fixed public spatial offset,,,False,8.000000,0.000100,176.513183,20,14,14.181869,0.102378,13.980372,12.649855,14.161668,0.139078,1.358475,1.416385,0.101819,13.980372,16.318616,13.780098,0.059430,0.583681,0.557376,0.101120,13.980372,4.609348,22.543526,0.874863,8.651719,62.146669,0.101120,0.102378,0.143691,0.145479,0.077923,1.420998,0.101120,0.101819,0.053507,0.053877,0.027586,0.529147,0.143691,1.420998,0.053507,0.529147
Biking_v_Biking_g02_c01,Biking,RAT-no-trajectory-mask,42,data/ucf101_rescue/UCF-101/Biking/v_Biking_g02_c01.avi,data/backend_inputs/Biking_v_Biking_g02_c01/seed_42/rat_dp/rat_intermediate_merged.mp4,26.592130,False,same RAT cue fusion without trajectory propagation,,,False,8.000000,0.000100,176.513183,20,14,14.654369,0.102378,14.423394,11.211163,15.002873,0.214501,2.095188,2.394258,0.101819,14.423394,7.296657,17.193902,0.525416,5.160285,9.766175,0.101924,14.423394,5.133030,22.672114,0.865587,8.492516,56.742486,0.101924,0.102378,0.214874,0.215832,0.120669,2.108192,0.101924,0.101819,0.599360,0.598747,0.427607,5.880493,0.214874,2.108192,0.599360,5.880493
Biking_v_Biking_g02_c01,Biking,Shifted-RAT-fusion-mask,42,data/ucf101_rescue/UCF-101/Biking/v_Biking_g02_c01.avi,data/backend_inputs/Biking_v_Biking_g02_c01/seed_42/rat_dp/rat_intermediate_merged.mp4,26.592130,False,RAT cue-fusion scores shifted by a fixed public spatial offset,,,False,8.000000,0.000100,176.513183,20,14,14.341792,0.102378,14.122779,12.900030,14.286914,0.135669,1.325180,1.376222,0.101819,14.122779,15.336423,14.004378,0.076996,0.756198,0.735861,0.101180,14.122779,4.776518,22.533690,0.870407,8.602527,59.664654,0.101180,0.102378,0.134394,0.135985,0.072492,1.328265,0.101180,0.101819,0.075592,0.076069,0.039409,0.747096,0.134394,1.328265,0.075592,0.747096
Biking_v_Biking_g02_c01,Biking,VideoMAE-only-mask,42,data/ucf101_rescue/UCF-101/Biking/v_Biking_g02_c01.avi,data/backend_inputs/Biking_v_Biking_g02_c01/seed_42/rat_dp/rat_intermediate_merged.mp4,26.592130,False,VideoMAE semantic-token salience only,,,False,8.000000,0.000100,176.513183,20,14,13.790386,0.102378,13.597489,16.208922,13.379224,0.056113,0.548096,0.521231,0.101819,13.597489,20.877352,13.214648,0.019048,0.187074,0.171289,0.100937,13.597489,4.192880,22.345831,0.880062,8.718884,65.357457,0.100937,0.102378,0.043450,0.044070,0.022368,0.430462,0.100937,0.101819,0.004131,0.004167,0.002079,0.040922,0.043450,0.430462,0.004131,0.040922
Biking_v_Biking_g03_c01,Biking,RAT-mask,42,data/ucf101_rescue/UCF-101/Biking/v_Biking_g03_c01.avi,data/backend_inputs/Biking_v_Biking_g03_c01/seed_42/rat_dp/rat_intermediate_merged.mp4,33.306173,False,private RAT-DP risk scores from the existing run,,,False,7.987027,0.000100,222.107551,20,14,14.789976,0.104539,14.722400,9.585956,16.054877,0.341131,3.263205,4.434984,0.104757,14.722400,5.095630,28.365057,0.961303,9.176499,212.296449,0.104757,14.722400,5.095630,28.365057,0.961303,9.176499,212.296449,0.104757,0.104539,0.362866,0.362109,0.221365,3.463882,0.104757,0.104757,1.000000,1.000000,1.000000,9.545895,0.362866,3.463882,1.000000,9.545895
Biking_v_Biking_g03_c01,Biking,Motion-only-mask,42,data/ucf101_rescue/UCF-101/Biking/v_Biking_g03_c01.avi,data/backend_inputs/Biking_v_Biking_g03_c01/seed_42/rat_dp/rat_intermediate_merged.mp4,33.306173,False,backend frame-difference motion-only scores,,,False,7.987027,0.000100,222.107551,20,14,15.022453,0.104539,14.960560,5.893375,22.531036,0.843325,8.067120,46.106920,0.104757,14.960560,9.143528,16.697301,0.399840,3.816834,5.693475,0.104629,14.960560,5.328065,28.614364,0.961397,9.188604,213.122760,0.104629,0.104539,0.877059,0.876298,0.780434,8.382537,0.104629,0.104757,0.409913,0.410414,0.257991,3.917771,0.877059,8.382537,0.409913,3.917771
Biking_v_Biking_g03_c01,Biking,Random-mask,42,data/ucf101_rescue/UCF-101/Biking/v_Biking_g03_c01.avi,data/backend_inputs/Biking_v_Biking_g03_c01/seed_42/rat_dp/rat_intermediate_merged.mp4,33.306173,False,public seeded random scores independent of video content,,,False,7.987027,0.000100,222.107551,20,14,15.131160,0.104539,15.058035,14.978587,15.067405,0.106469,1.018462,1.020662,0.104757,15.058035,14.668532,15.105983,0.114587,1.093831,1.105974,0.102015,15.058035,5.345164,28.047196,0.954882,9.360243,186.295884,0.102015,0.104539,0.098154,0.100582,0.052273,0.962152,0.102015,0.104757,0.103488,0.106270,0.055331,1.014439,0.098154,0.962152,0.103488,1.014439
Biking_v_Biking_g03_c01,Biking,Shifted-RAT-mask,42,data/ucf101_rescue/UCF-101/Biking/v_Biking_g03_c01.avi,data/backend_inputs/Biking_v_Biking_g03_c01/seed_42/rat_dp/rat_intermediate_merged.mp4,33.306173,False,RAT scores shifted by a fixed public spatial offset,,,False,7.987027,0.000100,222.107551,20,14,15.267459,0.104539,15.200721,15.247326,15.195312,0.103423,0.989326,0.988095,0.104757,15.200721,21.205893,14.835800,0.026282,0.250890,0.230670,0.101613,15.200721,5.468940,28.229850,0.955275,9.401088,188.838731,0.101613,0.104539,0.098631,0.101471,0.052649,0.970655,0.101613,0.104757,0.022931,0.023641,0.011777,0.225670,0.098631,0.970655,0.022931,0.225670
Biking_v_Biking_g03_c01,Biking,RAT-no-trajectory-mask,42,data/ucf101_rescue/UCF-101/Biking/v_Biking_g03_c01.avi,data/backend_inputs/Biking_v_Biking_g03_c01/seed_42/rat_dp/rat_intermediate_merged.mp4,33.306173,False,same RAT cue fusion without trajectory propagation,,,False,7.987027,0.000100,222.107551,20,14,14.930199,0.104539,14.865487,10.553202,15.825717,0.282166,2.699159,3.367065,0.104757,14.865487,7.459670,18.115895,0.576454,5.502774,11.631144,0.103153,14.865487,5.179778,28.319629,0.959514,9.301884,206.055958,0.103153,0.104539,0.295618,0.299590,0.174806,2.865831,0.103153,0.104757,0.579785,0.588803,0.412688,5.620648,0.295618,2.865831,0.579785,5.620648
Biking_v_Biking_g03_c01,Biking,Shifted-RAT-fusion-mask,42,data/ucf101_rescue/UCF-101/Biking/v_Biking_g03_c01.avi,data/backend_inputs/Biking_v_Biking_g03_c01/seed_42/rat_dp/rat_intermediate_merged.mp4,33.306173,False,RAT cue-fusion scores shifted by a fixed public spatial offset,,,False,7.987027,0.000100,222.107551,20,14,15.288579,0.104539,15.223821,16.198629,15.123065,0.083521,0.798949,0.780627,0.104757,15.223821,19.669273,14.909850,0.037639,0.359298,0.334239,0.101504,15.223821,5.489167,28.215263,0.954880,9.407309,187.330976,0.101504,0.104539,0.078010,0.080342,0.041211,0.768542,0.101504,0.104757,0.032615,0.033661,0.016844,0.321320,0.078010,0.768542,0.032615,0.321320
Biking_v_Biking_g03_c01,Biking,VideoMAE-only-mask,42,data/ucf101_rescue/UCF-101/Biking/v_Biking_g03_c01.avi,data/backend_inputs/Biking_v_Biking_g03_c01/seed_42/rat_dp/rat_intermediate_merged.mp4,33.306173,False,VideoMAE semantic-token salience only,,,False,7.987027,0.000100,222.107551,20,14,15.513989,0.104539,15.442471,25.571841,15.007233,0.010147,0.097065,0.087809,0.104757,15.442471,26.344504,14.999001,0.008511,0.081245,0.073358,0.100937,15.442471,5.699339,28.114515,0.951406,9.425691,174.388377,0.100937,0.104539,0.000123,0.000127,0.000063,0.001218,0.100937,0.104757,0.003646,0.003784,0.001860,0.036124,0.000123,0.001218,0.003646,0.036124
Biking_v_Biking_g04_c01,Biking,RAT-mask,42,data/ucf101_rescue/UCF-101/Biking/v_Biking_g04_c01.avi,data/backend_inputs/Biking_v_Biking_g04_c01/seed_42/rat_dp/rat_intermediate_merged.mp4,30.590973,False,private RAT-DP risk scores from the existing run,,,False,8.000000,0.000100,176.513183,20,14,14.734938,0.101388,14.548350,11.620066,15.047651,0.198982,1.962585,2.201702,0.102163,14.548350,5.032050,24.732905,0.913952,8.946022,93.343794,0.102163,14.548350,5.032050,24.732905,0.913952,8.946022,93.343794,0.102163,0.101388,0.218041,0.216386,0.121837,2.134244,0.102163,0.102163,1.000000,1.000000,1.000000,9.788287,0.218041,2.134244,1.000000,9.788287
Biking_v_Biking_g04_c01,Biking,Motion-only-mask,42,data/ucf101_rescue/UCF-101/Biking/v_Biking_g04_c01.avi,data/backend_inputs/Biking_v_Biking_g04_c01/seed_42/rat_dp/rat_intermediate_merged.mp4,30.590973,False,backend frame-difference motion-only scores,,,False,8.000000,0.000100,176.513183,20,14,14.960788,0.101388,14.778952,6.365820,19.595256,0.703556,6.939262,21.035054,0.102163,14.778952,10.846961,15.575597,0.252634,2.472858,2.970733,0.101356,14.778952,5.230843,24.939489,0.913397,9.011786,93.511401,0.101356,0.101388,0.762569,0.762809,0.616409,7.523681,0.101356,0.102163,0.261937,0.264022,0.151394,2.584327,0.762569,7.523681,0.261937,2.584327
Biking_v_Biking_g04_c01,Biking,Random-mask,42,data/ucf101_rescue/UCF-101/Biking/v_Biking_g04_c01.avi,data/backend_inputs/Biking_v_Biking_g04_c01/seed_42/rat_dp/rat_intermediate_merged.mp4,30.590973,False,public seeded random scores independent of video content,,,False,8.000000,0.000100,176.513183,20,14,14.706986,0.101388,14.535863,14.923582,14.494214,0.092729,0.914593,0.905864,0.102163,14.535863,14.762945,14.510760,0.096958,0.949056,0.943586,0.101995,14.535863,5.007274,24.776159,0.915033,8.971372,94.817487,0.101995,0.101388,0.098538,0.097951,0.051659,0.966104,0.101995,0.102163,0.102015,0.102183,0.053796,1.000198,0.098538,0.966104,0.102015,1.000198
Biking_v_Biking_g04_c01,Biking,Shifted-RAT-mask,42,data/ucf101_rescue/UCF-101/Biking/v_Biking_g04_c01.avi,data/backend_inputs/Biking_v_Biking_g04_c01/seed_42/rat_dp/rat_intermediate_merged.mp4,30.590973,False,RAT scores shifted by a fixed public spatial offset,,,False,8.000000,0.000100,176.513183,20,14,14.766815,0.101388,14.568967,14.597860,14.565719,0.100716,0.993369,0.992627,0.102163,14.568967,21.934940,14.183087,0.018737,0.183401,0.167809,0.100915,14.568967,5.009200,24.655746,0.911870,9.036009,92.183795,0.100915,0.101388,0.102813,0.103294,0.054326,1.018802,0.100915,0.102163,0.014020,0.014194,0.007103,0.138931,0.102813,1.018802,0.014020,0.138931
Biking_v_Biking_g04_c01,Biking,RAT-no-trajectory-mask,42,data/ucf101_rescue/UCF-101/Biking/v_Biking_g04_c01.avi,data/backend_inputs/Biking_v_Biking_g04_c01/seed_42/rat_dp/rat_intermediate_merged.mp4,30.590973,False,same RAT cue fusion without trajectory propagation,,,False,8.000000,0.000100,176.513183,20,14,14.352233,0.101388,14.137123,12.136000,14.433831,0.160730,1.585303,1.697396,0.102163,14.137123,8.140794,15.933971,0.406374,3.977707,6.016136,0.103087,14.137123,4.624640,24.710633,0.921404,8.938162,101.999782,0.103087,0.101388,0.187960,0.184863,0.102778,1.823323,0.103087,0.102163,0.481009,0.476699,0.314790,4.666069,0.187960,1.823323,0.481009,4.666069
Biking_v_Biking_g04_c01,Biking,Shifted-RAT-fusion-mask,42,data/ucf101_rescue/UCF-101/Biking/v_Biking_g04_c01.avi,data/backend_inputs/Biking_v_Biking_g04_c01/seed_42/rat_dp/rat_intermediate_merged.mp4,30.590973,False,RAT cue-fusion scores shifted by a fixed public spatial offset,,,False,8.000000,0.000100,176.513183,20,14,14.781325,0.101388,14.589743,14.537478,14.595679,0.102615,1.012107,1.013491,0.102163,14.589743,19.473610,14.268272,0.033182,0.324798,0.301624,0.101057,14.589743,5.039683,24.638627,0.911112,9.015834,91.178905,0.101057,0.101388,0.103659,0.103998,0.054757,1.025745,0.101057,0.102163,0.029095,0.029413,0.014844,0.287903,0.103659,1.025745,0.029095,0.287903
Biking_v_Biking_g04_c01,Biking,VideoMAE-only-mask,42,data/ucf101_rescue/UCF-101/Biking/v_Biking_g04_c01.avi,data/backend_inputs/Biking_v_Biking_g04_c01/seed_42/rat_dp/rat_intermediate_merged.mp4,30.590973,False,VideoMAE semantic-token salience only,,,False,8.000000,0.000100,176.513183,20,14,14.737539,0.101388,14.551037,13.276519,14.721463,0.135968,1.341071,1.394744,0.102163,14.551037,22.551139,14.153906,0.016191,0.158486,0.144636,0.100937,14.551037,4.990247,24.658302,0.912287,9.038139,92.641486,0.100937,0.101388,0.144694,0.145340,0.078177,1.433505,0.100937,0.102163,0.012630,0.012783,0.006394,0.125126,0.144694,1.433505,0.012630,0.125126
Diving_v_Diving_g01_c01,Diving,RAT-mask,42,data/ucf101_rescue/UCF-101/Diving/v_Diving_g01_c01.avi,data/backend_inputs/Diving_v_Diving_g01_c01/seed_42/rat_dp/rat_intermediate_merged.mp4,30.884101,False,private RAT-DP risk scores from the existing run,,,False,8.000000,0.000100,183.367096,20,14,15.470794,0.103667,15.345316,13.156093,15.687701,0.171617,1.655474,1.791269,0.099899,15.345316,5.678363,26.151541,0.925240,9.261797,111.511018,0.099899,15.345316,5.678363,26.151541,0.925240,9.261797,111.511018,0.099899,0.103667,0.162369,0.168494,0.090141,1.625342,0.099899,0.099899,1.000000,1.000000,1.000000,10.010155,0.162369,1.625342,1.000000,10.010155
Diving_v_Diving_g01_c01,Diving,Motion-only-mask,42,data/ucf101_rescue/UCF-101/Diving/v_Diving_g01_c01.avi,data/backend_inputs/Diving_v_Diving_g01_c01/seed_42/rat_dp/rat_intermediate_merged.mp4,30.884101,False,backend frame-difference motion-only scores,,,False,8.000000,0.000100,183.367096,20,14,15.152016,0.103667,15.037880,6.472790,20.496920,0.744985,7.186359,25.258812,0.099899,15.037880,12.448816,15.449696,0.181328,1.815124,1.995667,0.103231,15.037880,5.475011,26.334202,0.933465,9.042466,121.876247,0.103231,0.103667,0.787897,0.791219,0.652285,7.632350,0.103231,0.099899,0.197679,0.191297,0.107687,1.914917,0.787897,7.632350,0.197679,1.914917
Diving_v_Diving_g01_c01,Diving,Random-mask,42,data/ucf101_rescue/UCF-101/Diving/v_Diving_g01_c01.avi,data/backend_inputs/Diving_v_Diving_g01_c01/seed_42/rat_dp/rat_intermediate_merged.mp4,30.884101,False,public seeded random scores independent of video content,,,False,8.000000,0.000100,183.367096,20,14,15.365832,0.103667,15.243807,15.036991,15.268374,0.108723,1.048773,1.054723,0.099899,15.243807,15.174825,15.251531,0.101498,1.016011,1.017819,0.102089,15.243807,5.687253,25.843895,0.921797,9.029326,103.672655,0.102089,0.103667,0.100258,0.101807,0.053201,0.982066,0.102089,0.099899,0.102557,0.100357,0.053433,1.004586,0.100258,0.982066,0.102557,1.004586
Diving_v_Diving_g01_c01,Diving,Shifted-RAT-mask,42,data/ucf101_rescue/UCF-101/Diving/v_Diving_g01_c01.avi,data/backend_inputs/Diving_v_Diving_g01_c01/seed_42/rat_dp/rat_intermediate_merged.mp4,30.884101,False,RAT scores shifted by a fixed public spatial offset,,,False,8.000000,0.000100,183.367096,20,14,15.457904,0.103667,15.337393,18.297361,15.096010,0.052437,0.505828,0.478481,0.099899,15.337393,15.719207,15.297014,0.091491,0.915838,0.907362,0.101572,15.337393,5.756295,25.969210,0.922321,9.080500,105.024710,0.101572,0.103667,0.039993,0.040818,0.020617,0.393739,0.101572,0.099899,0.093072,0.091539,0.048382,0.916316,0.039993,0.393739,0.093072,0.916316
Diving_v_Diving_g01_c01,Diving,RAT-no-trajectory-mask,42,data/ucf101_rescue/UCF-101/Diving/v_Diving_g01_c01.avi,data/backend_inputs/Diving_v_Diving_g01_c01/seed_42/rat_dp/rat_intermediate_merged.mp4,30.884101,False,same RAT cue fusion without trajectory propagation,,,False,8.000000,0.000100,183.367096,20,14,15.429010,0.103667,15.303570,12.646147,15.749602,0.191153,1.843921,2.043363,0.099899,15.303570,8.240838,17.926510,0.507963,5.084792,9.301805,0.100503,15.303570,5.658531,26.160395,0.926156,9.215183,112.250023,0.100503,0.103667,0.183052,0.188814,0.102468,1.821356,0.100503,0.099899,0.553450,0.550120,0.381006,5.506790,0.183052,1.821356,0.553450,5.506790
Diving_v_Diving_g01_c01,Diving,Shifted-RAT-fusion-mask,42,data/ucf101_rescue/UCF-101/Diving/v_Diving_g01_c01.avi,data/backend_inputs/Diving_v_Diving_g01_c01/seed_42/rat_dp/rat_intermediate_merged.mp4,30.884101,False,RAT cue-fusion scores shifted by a fixed public spatial offset,,,False,8.000000,0.000100,183.367096,20,14,15.441382,0.103667,15.319907,17.068789,15.156519,0.069303,0.668516,0.643833,0.099899,15.319907,13.833056,15.521292,0.140684,1.408267,1.475107,0.101404,15.319907,5.729995,25.971822,0.922666,9.098948,105.726215,0.101404,0.103667,0.057369,0.058649,0.029867,0.565750,0.101404,0.099899,0.144873,0.142723,0.077464,1.428681,0.057369,0.565750,0.144873,1.428681
Diving_v_Diving_g01_c01,Diving,VideoMAE-only-mask,42,data/ucf101_rescue/UCF-101/Diving/v_Diving_g01_c01.avi,data/backend_inputs/Diving_v_Diving_g01_c01/seed_42/rat_dp/rat_intermediate_merged.mp4,30.884101,False,VideoMAE semantic-token salience only,,,False,8.000000,0.000100,183.367096,20,14,15.125258,0.103667,15.012874,17.136778,14.822814,0.063569,0.613211,0.586953,0.099899,15.012874,21.980200,14.643895,0.020083,0.201033,0.184659,0.100937,15.012874,5.375590,26.007582,0.928498,9.198740,115.664248,0.100937,0.103667,0.054470,0.055942,0.028381,0.539636,0.100937,0.099899,0.015117,0.014961,0.007576,0.149766,0.054470,0.539636,0.015117,0.149766
Diving_v_Diving_g02_c01,Diving,RAT-mask,42,data/ucf101_rescue/UCF-101/Diving/v_Diving_g02_c01.avi,data/backend_inputs/Diving_v_Diving_g02_c01/seed_42/rat_dp/rat_intermediate_merged.mp4,25.394761,False,private RAT-DP risk scores from the existing run,,,False,8.000000,0.000100,131.893661,20,14,14.842619,0.101612,14.689852,13.674199,14.821239,0.128384,1.263471,1.302279,0.101560,14.689852,5.344471,23.203765,0.873498,8.600784,61.084269,0.101560,14.689852,5.344471,23.203765,0.873498,8.600784,61.084269,0.101560,0.101612,0.140443,0.140515,0.075546,1.382853,0.101560,0.101560,1.000000,1.000000,1.000000,9.846371,0.140443,1.382853,1.000000,9.846371
Diving_v_Diving_g02_c01,Diving,Motion-only-mask,42,data/ucf101_rescue/UCF-101/Diving/v_Diving_g02_c01.avi,data/backend_inputs/Diving_v_Diving_g02_c01/seed_42/rat_dp/rat_intermediate_merged.mp4,25.394761,False,backend frame-difference motion-only scores,,,False,8.000000,0.000100,131.893661,20,14,15.061134,0.101612,14.914747,7.192942,18.443461,0.601350,5.918075,13.336809,0.101560,14.914747,9.603634,16.287308,0.345013,3.397123,4.659801,0.101731,14.914747,5.612042,23.191040,0.866409,8.516684,57.266401,0.101731,0.101612,0.697383,0.696571,0.534892,6.855176,0.101731,0.101560,0.373823,0.373196,0.229641,3.674628,0.697383,6.855176,0.373823,3.674628
Diving_v_Diving_g02_c01,Diving,Random-mask,42,data/ucf101_rescue/UCF-101/Diving/v_Diving_g02_c01.avi,data/backend_inputs/Diving_v_Diving_g02_c01/seed_42/rat_dp/rat_intermediate_merged.mp4,25.394761,False,public seeded random scores independent of video content,,,False,8.000000,0.000100,131.893661,20,14,14.776498,0.101612,14.634294,14.236108,14.681719,0.111369,1.096020,1.108054,0.101560,14.634294,14.583531,14.640070,0.102754,1.011757,1.013104,0.102106,14.634294,5.333834,22.999104,0.869159,8.512282,58.415352,0.102106,0.101612,0.118280,0.117708,0.062695,1.158399,0.102106,0.101560,0.099218,0.098687,0.052051,0.971708,0.118280,1.158399,0.099218,0.971708
Diving_v_Diving_g02_c01,Diving,Shifted-RAT-mask,42,data/ucf101_rescue/UCF-101/Diving/v_Diving_g02_c01.avi,data/backend_inputs/Diving_v_Diving_g02_c01/seed_42/rat_dp/rat_intermediate_merged.mp4,25.394761,False,RAT scores shifted by a fixed public spatial offset,,,False,8.000000,0.000100,131.893661,20,14,14.874022,0.101612,14.713447,15.110324,14.670759,0.092738,0.912667,0.903740,0.101560,14.713447,20.276294,14.372623,0.028212,0.277789,0.256822,0.101944,14.713447,5.431168,22.915831,0.864148,8.476721,56.035897,0.101944,0.101612,0.093087,0.092784,0.048732,0.913119,0.101944,0.101560,0.010784,0.010743,0.005411,0.105782,0.093087,0.913119,0.010784,0.105782
Diving_v_Diving_g02_c01,Diving,RAT-no-trajectory-mask,42,data/ucf101_rescue/UCF-101/Diving/v_Diving_g02_c01.avi,data/backend_inputs/Diving_v_Diving_g02_c01/seed_42/rat_dp/rat_intermediate_merged.mp4,25.394761,False,same RAT cue fusion without trajectory propagation,,,False,8.000000,0.000100,131.893661,20,14,14.863520,0.101612,14.710398,13.316827,14.900337,0.140057,1.378342,1.439962,0.101560,14.710398,6.955340,18.286590,0.605661,5.963563,13.587044,0.101316,14.710398,5.370914,23.114156,0.870213,8.589115,59.473596,0.101316,0.101612,0.153481,0.153930,0.083251,1.514877,0.101316,0.101560,0.684504,0.686156,0.521293,6.756145,0.153481,1.514877,0.684504,6.756145
Diving_v_Diving_g02_c01,Diving,Shifted-RAT-fusion-mask,42,data/ucf101_rescue/UCF-101/Diving/v_Diving_g02_c01.avi,data/backend_inputs/Diving_v_Diving_g02_c01/seed_42/rat_dp/rat_intermediate_merged.mp4,25.394761,False,RAT cue-fusion scores shifted by a fixed public spatial offset,,,False,8.000000,0.000100,131.893661,20,14,14.636238,0.101612,14.485058,15.488923,14.384849,0.080642,0.793622,0.775519,0.101560,14.485058,19.755090,14.153037,0.030180,0.297164,0.275293,0.102018,14.485058,5.170576,22.919070,0.871215,8.539810,59.545561,0.102018,0.101612,0.081869,0.081544,0.042593,0.802500,0.102018,0.101560,0.014899,0.014832,0.007488,0.146042,0.081869,0.802500,0.014899,0.146042
Diving_v_Diving_g02_c01,Diving,VideoMAE-only-mask,42,data/ucf101_rescue/UCF-101/Diving/v_Diving_g02_c01.avi,data/backend_inputs/Diving_v_Diving_g02_c01/seed_42/rat_dp/rat_intermediate_merged.mp4,25.394761,False,VideoMAE semantic-token salience only,,,False,8.000000,0.000100,131.893661,20,14,13.920180,0.101612,13.793960,12.519524,13.964802,0.136267,1.341046,1.394851,0.101560,13.793960,20.539001,13.423193,0.021489,0.211590,0.194276,0.100937,13.793960,4.363995,22.733028,0.885216,8.769937,68.691544,0.100937,0.101612,0.195749,0.197057,0.108894,1.939306,0.100937,0.101560,0.008848,0.008903,0.004458,0.087661,0.195749,1.939306,0.008848,0.087661
Diving_v_Diving_g03_c01,Diving,RAT-mask,42,data/ucf101_rescue/UCF-101/Diving/v_Diving_g03_c01.avi,data/backend_inputs/Diving_v_Diving_g03_c01/seed_42/rat_dp/rat_intermediate_merged.mp4,30.043672,False,private RAT-DP risk scores from the existing run,,,False,7.948647,0.000100,157.878190,20,14,14.431435,0.101457,14.172765,14.529855,14.134230,0.093448,0.921067,0.912930,0.102475,14.172765,4.697052,24.075427,0.908213,8.862808,86.663759,0.102475,14.172765,4.697052,24.075427,0.908213,8.862808,86.663759,0.102475,0.101457,0.101128,0.100123,0.052977,0.986854,0.102475,0.102475,1.000000,1.000000,1.000000,9.758512,0.101128,0.986854,1.000000,9.758512
Diving_v_Diving_g03_c01,Diving,Motion-only-mask,42,data/ucf101_rescue/UCF-101/Diving/v_Diving_g03_c01.avi,data/backend_inputs/Diving_v_Diving_g03_c01/seed_42/rat_dp/rat_intermediate_merged.mp4,30.043672,False,backend frame-difference motion-only scores,,,False,7.948647,0.000100,157.878190,20,14,14.841828,0.101457,14.589616,6.161086,19.449451,0.706536,6.963908,21.322420,0.102475,14.589616,12.916506,14.829143,0.150636,1.469979,1.553330,0.101379,14.589616,5.107819,24.115060,0.899762,8.875233,79.565382,0.101379,0.101457,0.777236,0.777832,0.636037,7.666636,0.101379,0.102475,0.166800,0.168602,0.091522,1.645307,0.777236,7.666636,0.166800,1.645307
Diving_v_Diving_g03_c01,Diving,Random-mask,42,data/ucf101_rescue/UCF-101/Diving/v_Diving_g03_c01.avi,data/backend_inputs/Diving_v_Diving_g03_c01/seed_42/rat_dp/rat_intermediate_merged.mp4,30.043672,False,public seeded random scores independent of video content,,,False,7.948647,0.000100,157.878190,20,14,14.516890,0.101457,14.295026,14.358789,14.287885,0.099978,0.985425,0.983806,0.102475,14.295026,14.093272,14.318669,0.107347,1.047552,1.053270,0.101948,14.295026,4.828560,23.899023,0.901621,8.843956,80.732110,0.101948,0.101457,0.107909,0.107389,0.056886,1.058470,0.101948,0.102475,0.103023,0.103555,0.054457,1.010545,0.107909,1.058470,0.103023,1.010545
Diving_v_Diving_g03_c01,Diving,Shifted-RAT-mask,42,data/ucf101_rescue/UCF-101/Diving/v_Diving_g03_c01.avi,data/backend_inputs/Diving_v_Diving_g03_c01/seed_42/rat_dp/rat_intermediate_merged.mp4,30.043672,False,RAT scores shifted by a fixed public spatial offset,,,False,7.948647,0.000100,157.878190,20,14,14.687547,0.101457,14.457055,15.114725,14.388686,0.087199,0.859474,0.846050,0.102475,14.457055,21.603197,14.074241,0.019770,0.192924,0.176646,0.102450,14.457055,5.016431,24.017636,0.900688,8.791488,79.454859,0.102450,0.101457,0.090394,0.089517,0.047095,0.882320,0.102450,0.102475,0.015213,0.015217,0.007666,0.148491,0.090394,0.882320,0.015213,0.148491
Diving_v_Diving_g03_c01,Diving,RAT-no-trajectory-mask,42,data/ucf101_rescue/UCF-101/Diving/v_Diving_g03_c01.avi,data/backend_inputs/Diving_v_Diving_g03_c01/seed_42/rat_dp/rat_intermediate_merged.mp4,30.043672,False,same RAT cue fusion without trajectory propagation,,,False,7.948647,0.000100,157.878190,20,14,14.553558,0.101457,14.284723,13.471049,14.386961,0.122363,1.206056,1.234785,0.102475,14.284723,7.777544,16.479163,0.458495,4.474226,7.415867,0.102022,14.284723,4.806011,24.032218,0.904826,8.868929,83.679811,0.102022,0.101457,0.132463,0.131729,0.070718,1.298377,0.102022,0.102475,0.500943,0.503165,0.335159,4.910143,0.132463,1.298377,0.500943,4.910143
Diving_v_Diving_g03_c01,Diving,Shifted-RAT-fusion-mask,42,data/ucf101_rescue/UCF-101/Diving/v_Diving_g03_c01.avi,data/backend_inputs/Diving_v_Diving_g03_c01/seed_42/rat_dp/rat_intermediate_merged.mp4,30.043672,False,RAT cue-fusion scores shifted by a fixed public spatial offset,,,False,7.948647,0.000100,157.878190,20,14,14.702825,0.101457,14.450518,15.564250,14.340986,0.078507,0.773797,0.754525,0.102475,14.450518,18.868148,14.144972,0.037056,0.361607,0.337041,0.101964,14.450518,4.984612,24.055696,0.901650,8.842816,80.743662,0.101964,0.101457,0.079956,0.079559,0.041535,0.784162,0.101964,0.102475,0.035700,0.035878,0.018220,0.350120,0.079956,0.784162,0.035700,0.350120
Diving_v_Diving_g03_c01,Diving,VideoMAE-only-mask,42,data/ucf101_rescue/UCF-101/Diving/v_Diving_g03_c01.avi,data/backend_inputs/Diving_v_Diving_g03_c01/seed_42/rat_dp/rat_intermediate_merged.mp4,30.043672,False,VideoMAE semantic-token salience only,,,False,7.948647,0.000100,157.878190,20,14,14.927546,0.101457,14.695496,10.252747,15.670847,0.282199,2.781473,3.481849,0.102475,14.695496,15.291803,14.632342,0.089328,0.871705,0.859120,0.100937,14.695496,5.218587,24.014729,0.894836,8.865249,75.790400,0.100937,0.101457,0.301806,0.303359,0.178259,2.990030,0.100937,0.102475,0.096522,0.097992,0.051111,0.956253,0.301806,2.990030,0.096522,0.956253
Diving_v_Diving_g04_c01,Diving,RAT-mask,42,data/ucf101_rescue/UCF-101/Diving/v_Diving_g04_c01.avi,data/backend_inputs/Diving_v_Diving_g04_c01/seed_42/rat_dp/rat_intermediate_merged.mp4,30.681176,False,private RAT-DP risk scores from the existing run,,,False,8.000000,0.000100,117.307143,20,14,15.209452,0.102027,15.019293,11.779790,15.603852,0.215113,2.108387,2.412160,0.101785,15.019293,5.542891,24.651495,0.902240,8.864212,81.444244,0.101785,15.019293,5.542891,24.651495,0.902240,8.864212,81.444244,0.101785,0.102027,0.222849,0.223381,0.125565,2.189423,0.101785,0.101785,1.000000,1.000000,1.000000,9.824670,0.222849,2.189423,1.000000,9.824670
Diving_v_Diving_g04_c01,Diving,Motion-only-mask,42,data/ucf101_rescue/UCF-101/Diving/v_Diving_g04_c01.avi,data/backend_inputs/Diving_v_Diving_g04_c01/seed_42/rat_dp/rat_intermediate_merged.mp4,30.681176,False,backend frame-difference motion-only scores,,,False,8.000000,0.000100,117.307143,20,14,15.034148,0.102027,14.858274,6.333745,20.019561,0.726388,7.119557,23.365852,0.101785,14.858274,11.407655,15.500694,0.225291,2.213410,2.566279,0.102229,14.858274,5.372596,24.757752,0.908121,8.883167,86.799171,0.102229,0.102027,0.790757,0.789193,0.652857,7.735120,0.102229,0.101785,0.248934,0.247851,0.141808,2.435057,0.790757,7.735120,0.248934,2.435057
Diving_v_Diving_g04_c01,Diving,Random-mask,42,data/ucf101_rescue/UCF-101/Diving/v_Diving_g04_c01.avi,data/backend_inputs/Diving_v_Diving_g04_c01/seed_42/rat_dp/rat_intermediate_merged.mp4,30.681176,False,public seeded random scores independent of video content,,,False,8.000000,0.000100,117.307143,20,14,15.294687,0.102027,15.086611,14.624146,15.142413,0.113491,1.112363,1.126748,0.101785,15.086611,14.882923,15.110307,0.106672,1.048018,1.053752,0.101995,15.086611,5.660147,24.356982,0.893771,8.762872,74.077031,0.101995,0.102027,0.104816,0.104848,0.055315,1.027651,0.101995,0.101785,0.099440,0.099235,0.052265,0.974950,0.104816,1.027651,0.099440,0.974950
Diving_v_Diving_g04_c01,Diving,Shifted-RAT-mask,42,data/ucf101_rescue/UCF-101/Diving/v_Diving_g04_c01.avi,data/backend_inputs/Diving_v_Diving_g04_c01/seed_42/rat_dp/rat_intermediate_merged.mp4,30.681176,False,RAT scores shifted by a fixed public spatial offset,,,False,8.000000,0.000100,117.307143,20,14,15.489242,0.102027,15.288670,17.133574,15.121161,0.066715,0.653897,0.629156,0.101785,15.288670,19.014087,15.014109,0.043166,0.424090,0.398109,0.101454,15.288670,5.841647,24.540150,0.893244,8.804452,74.105471,0.101454,0.102027,0.048294,0.048567,0.024816,0.476018,0.101454,0.101785,0.036724,0.036844,0.018737,0.361980,0.048294,0.476018,0.036724,0.361980
Diving_v_Diving_g04_c01,Diving,RAT-no-trajectory-mask,42,data/ucf101_rescue/UCF-101/Diving/v_Diving_g04_c01.avi,data/backend_inputs/Diving_v_Diving_g04_c01/seed_42/rat_dp/rat_intermediate_merged.mp4,30.681176,False,same RAT cue fusion without trajectory propagation,,,False,8.000000,0.000100,117.307143,20,14,15.165678,0.102027,14.978163,11.988362,15.496721,0.203094,1.990582,2.243034,0.101785,14.978163,7.778083,17.829815,0.534183,5.248171,10.119829,0.101650,14.978163,5.493764,24.631788,0.902707,8.880552,81.997842,0.101650,0.102027,0.204834,0.205595,0.114339,2.015098,0.101650,0.101785,0.585081,0.585857,0.413896,5.755850,0.204834,2.015098,0.585081,5.755850
Diving_v_Diving_g04_c01,Diving,Shifted-RAT-fusion-mask,42,data/ucf101_rescue/UCF-101/Diving/v_Diving_g04_c01.avi,data/backend_inputs/Diving_v_Diving_g04_c01/seed_42/rat_dp/rat_intermediate_merged.mp4,30.681176,False,RAT cue-fusion scores shifted by a fixed public spatial offset,,,False,8.000000,0.000100,117.307143,20,14,15.468069,0.102027,15.267285,16.829873,15.120678,0.071196,0.697817,0.674653,0.101785,15.267285,16.139569,15.178644,0.083263,0.818034,0.801507,0.101537,15.267285,5.820597,24.545598,0.893911,8.803772,74.559003,0.101537,0.102027,0.056165,0.056436,0.028966,0.553150,0.101537,0.101785,0.081970,0.082170,0.042791,0.807289,0.056165,0.553150,0.081970,0.807289
Diving_v_Diving_g04_c01,Diving,VideoMAE-only-mask,42,data/ucf101_rescue/UCF-101/Diving/v_Diving_g04_c01.avi,data/backend_inputs/Diving_v_Diving_g04_c01/seed_42/rat_dp/rat_intermediate_merged.mp4,30.681176,False,VideoMAE semantic-token salience only,,,False,8.000000,0.000100,117.307143,20,14,15.517740,0.102027,15.317841,17.717245,15.113278,0.058719,0.575519,0.549039,0.101785,15.317841,22.366970,14.939741,0.020080,0.197282,0.180833,0.100937,15.317841,5.847863,24.578539,0.893409,8.851112,74.656489,0.100937,0.102027,0.045192,0.045680,0.023246,0.447726,0.100937,0.101785,0.014074,0.014192,0.007117,0.139435,0.045192,0.447726,0.014074,0.139435
WalkingWithDog_v_WalkingWithDog_g01_c01,WalkingWithDog,RAT-mask,42,data/ucf101_rescue/UCF-101/WalkingWithDog/v_WalkingWithDog_g01_c01.avi,data/backend_inputs/WalkingWithDog_v_WalkingWithDog_g01_c01/seed_42/rat_dp/rat_intermediate_merged.mp4,27.234987,False,private RAT-DP risk scores from the existing run,,,False,8.000000,0.000100,176.513183,20,14,14.358401,0.101397,14.236878,10.583748,14.936773,0.235146,2.319065,2.724598,0.099867,14.236878,4.622764,24.423023,0.913763,9.149795,95.504952,0.099867,14.236878,4.622764,24.423023,0.913763,9.149795,95.504952,0.099867,0.101397,0.253315,0.257196,0.146290,2.536521,0.099867,0.099867,1.000000,1.000000,1.000000,10.013310,0.253315,2.536521,1.000000,10.013310
WalkingWithDog_v_WalkingWithDog_g01_c01,WalkingWithDog,Motion-only-mask,42,data/ucf101_rescue/UCF-101/WalkingWithDog/v_WalkingWithDog_g01_c01.avi,data/backend_inputs/WalkingWithDog_v_WalkingWithDog_g01_c01/seed_42/rat_dp/rat_intermediate_merged.mp4,27.234987,False,backend frame-difference motion-only scores,,,False,8.000000,0.000100,176.513183,20,14,14.464236,0.101397,14.365138,5.821303,19.509356,0.725118,7.151276,23.377889,0.099867,14.365138,9.603361,15.450721,0.298951,2.993489,3.843581,0.101032,14.365138,4.779586,24.783533,0.918360,9.089818,100.090936,0.101032,0.101397,0.782433,0.785262,0.644527,7.744431,0.101032,0.099867,0.328241,0.324458,0.194985,3.248894,0.782433,7.744431,0.328241,3.248894
WalkingWithDog_v_WalkingWithDog_g01_c01,WalkingWithDog,Random-mask,42,data/ucf101_rescue/UCF-101/WalkingWithDog/v_WalkingWithDog_g01_c01.avi,data/backend_inputs/WalkingWithDog_v_WalkingWithDog_g01_c01/seed_42/rat_dp/rat_intermediate_merged.mp4,27.234987,False,public seeded random scores independent of video content,,,False,8.000000,0.000100,176.513183,20,14,14.101900,0.101397,13.997543,14.043233,13.992418,0.100336,0.989535,0.988368,0.099867,13.997543,14.089901,13.987417,0.097766,0.978958,0.976678,0.102015,13.997543,4.475305,24.178845,0.913873,8.958263,93.401518,0.102015,0.101397,0.104829,0.104194,0.055137,1.027588,0.102015,0.099867,0.100604,0.098486,0.052373,0.986169,0.104829,1.027588,0.100604,0.986169
WalkingWithDog_v_WalkingWithDog_g01_c01,WalkingWithDog,Shifted-RAT-mask,42,data/ucf101_rescue/UCF-101/WalkingWithDog/v_WalkingWithDog_g01_c01.avi,data/backend_inputs/WalkingWithDog_v_WalkingWithDog_g01_c01/seed_42/rat_dp/rat_intermediate_merged.mp4,27.234987,False,RAT scores shifted by a fixed public spatial offset,,,False,8.000000,0.000100,176.513183,20,14,13.680514,0.101397,13.576373,18.680487,13.250181,0.031305,0.308737,0.286398,0.099867,13.576373,15.706033,13.393516,0.061158,0.612398,0.587149,0.102940,13.576373,4.059929,24.124609,0.920933,8.946318,101.500437,0.102940,0.101397,0.024623,0.024254,0.012370,0.239197,0.102940,0.099867,0.057462,0.055747,0.029120,0.558214,0.024623,0.239197,0.057462,0.558214
WalkingWithDog_v_WalkingWithDog_g01_c01,WalkingWithDog,RAT-no-trajectory-mask,42,data/ucf101_rescue/UCF-101/WalkingWithDog/v_WalkingWithDog_g01_c01.avi,data/backend_inputs/WalkingWithDog_v_WalkingWithDog_g01_c01/seed_42/rat_dp/rat_intermediate_merged.mp4,27.234987,False,same RAT cue fusion without trajectory propagation,,,False,8.000000,0.000100,176.513183,20,14,14.348670,0.101397,14.228264,10.106181,15.083139,0.261959,2.583499,3.145544,0.099867,14.228264,7.212744,16.801767,0.502313,5.029815,9.097085,0.100168,14.228264,4.630517,24.377958,0.913065,9.115378,94.350475,0.100168,0.101397,0.284778,0.288273,0.167212,2.843016,0.100168,0.099867,0.558271,0.556596,0.386417,5.573368,0.284778,2.843016,0.558271,5.573368
WalkingWithDog_v_WalkingWithDog_g01_c01,WalkingWithDog,Shifted-RAT-fusion-mask,42,data/ucf101_rescue/UCF-101/WalkingWithDog/v_WalkingWithDog_g01_c01.avi,data/backend_inputs/WalkingWithDog_v_WalkingWithDog_g01_c01/seed_42/rat_dp/rat_intermediate_merged.mp4,27.234987,False,RAT cue-fusion scores shifted by a fixed public spatial offset,,,False,8.000000,0.000100,176.513183,20,14,13.899103,0.101397,13.772572,17.480282,13.499935,0.043177,0.425823,0.399913,0.099867,13.772572,14.869293,13.666352,0.077580,0.776833,0.758064,0.102554,13.772572,4.256752,24.129992,0.917346,8.945034,97.123434,0.102554,0.101397,0.040320,0.039865,0.020456,0.393160,0.102554,0.099867,0.080621,0.078510,0.041423,0.786140,0.040320,0.393160,0.080621,0.786140
WalkingWithDog_v_WalkingWithDog_g01_c01,WalkingWithDog,VideoMAE-only-mask,42,data/ucf101_rescue/UCF-101/WalkingWithDog/v_WalkingWithDog_g01_c01.avi,data/backend_inputs/WalkingWithDog_v_WalkingWithDog_g01_c01/seed_42/rat_dp/rat_intermediate_merged.mp4,27.234987,False,VideoMAE semantic-token salience only,,,False,8.000000,0.000100,176.513183,20,14,13.426082,0.101397,13.328066,19.491517,12.971601,0.024529,0.241911,0.222848,0.099867,13.328066,13.493540,13.310090,0.096134,0.962615,0.958639,0.100937,13.328066,3.708822,24.095080,0.924649,9.160610,109.301427,0.100937,0.101397,0.017364,0.017443,0.008778,0.172030,0.100937,0.099867,0.091190,0.090223,0.047506,0.903430,0.017364,0.172030,0.091190,0.903430
WalkingWithDog_v_WalkingWithDog_g02_c01,WalkingWithDog,RAT-mask,42,data/ucf101_rescue/UCF-101/WalkingWithDog/v_WalkingWithDog_g02_c01.avi,data/backend_inputs/WalkingWithDog_v_WalkingWithDog_g02_c01/seed_42/rat_dp/rat_intermediate_merged.mp4,27.532191,False,private RAT-DP risk scores from the existing run,,,False,8.000000,0.000100,176.513183,20,14,14.443912,0.102189,14.150906,10.007131,15.021813,0.265327,2.596435,3.172986,0.100806,14.150906,4.776521,22.645367,0.872823,8.658415,61.218756,0.100806,14.150906,4.776521,22.645367,0.872823,8.658415,61.218756,0.100806,0.102189,0.305923,0.310119,0.182038,3.034762,0.100806,0.100806,1.000000,1.000000,1.000000,9.920008,0.305923,3.034762,1.000000,9.920008
WalkingWithDog_v_WalkingWithDog_g02_c01,WalkingWithDog,Motion-only-mask,42,data/ucf101_rescue/UCF-101/WalkingWithDog/v_WalkingWithDog_g02_c01.avi,data/backend_inputs/WalkingWithDog_v_WalkingWithDog_g02_c01/seed_42/rat_dp/rat_intermediate_merged.mp4,27.532191,False,backend frame-difference motion-only scores,,,False,8.000000,0.000100,176.513183,20,14,14.486857,0.102189,14.188461,6.006726,18.565827,0.672321,6.579206,18.026444,0.100806,14.188461,9.831670,15.122985,0.274895,2.726962,3.381672,0.102108,14.188461,4.877135,22.626677,0.871352,8.533605,59.559930,0.102108,0.102189,0.778654,0.779268,0.637949,7.625762,0.102108,0.100806,0.318056,0.314001,0.187660,3.114892,0.778654,7.625762,0.318056,3.114892
WalkingWithDog_v_WalkingWithDog_g02_c01,WalkingWithDog,Random-mask,42,data/ucf101_rescue/UCF-101/WalkingWithDog/v_WalkingWithDog_g02_c01.avi,data/backend_inputs/WalkingWithDog_v_WalkingWithDog_g02_c01/seed_42/rat_dp/rat_intermediate_merged.mp4,27.532191,False,public seeded random scores independent of video content,,,False,8.000000,0.000100,176.513183,20,14,13.725379,0.102189,13.490138,14.467272,13.391670,0.081600,0.798522,0.780620,0.100806,13.490138,14.092593,13.427528,0.087749,0.870471,0.858012,0.101979,13.490138,4.077493,22.640207,0.890786,8.735032,71.824297,0.101979,0.102189,0.097368,0.097569,0.051231,0.954790,0.101979,0.100806,0.101021,0.099860,0.052874,0.990609,0.097368,0.954790,0.101021,0.990609
WalkingWithDog_v_WalkingWithDog_g02_c01,WalkingWithDog,Shifted-RAT-mask,42,data/ucf101_rescue/UCF-101/WalkingWithDog/v_WalkingWithDog_g02_c01.avi,data/backend_inputs/WalkingWithDog_v_WalkingWithDog_g02_c01/seed_42/rat_dp/rat_intermediate_merged.mp4,27.532191,False,RAT scores shifted by a fixed public spatial offset,,,False,8.000000,0.000100,176.513183,20,14,13.497304,0.102189,13.253341,15.407552,13.064216,0.062227,0.608946,0.582997,0.100806,13.253341,18.996233,12.910145,0.026866,0.266508,0.246259,0.101734,13.253341,3.808892,22.582942,0.895180,8.799234,75.405850,0.101734,0.102189,0.062691,0.062972,0.032435,0.616230,0.101734,0.100806,0.024712,0.024487,0.012453,0.242911,0.062691,0.616230,0.024712,0.242911
WalkingWithDog_v_WalkingWithDog_g02_c01,WalkingWithDog,RAT-no-trajectory-mask,42,data/ucf101_rescue/UCF-101/WalkingWithDog/v_WalkingWithDog_g02_c01.avi,data/backend_inputs/WalkingWithDog_v_WalkingWithDog_g02_c01/seed_42/rat_dp/rat_intermediate_merged.mp4,27.532191,False,same RAT cue fusion without trajectory propagation,,,False,8.000000,0.000100,176.513183,20,14,14.383382,0.102189,14.093777,10.296275,14.846116,0.244993,2.397453,2.850914,0.100806,14.093777,6.924865,16.867804,0.525266,5.210641,9.869470,0.100353,14.093777,4.695018,22.623642,0.873792,8.707148,62.067238,0.100353,0.102189,0.281168,0.286310,0.165308,2.801775,0.100353,0.100806,0.600463,0.603173,0.430426,5.983480,0.281168,2.801775,0.600463,5.983480
WalkingWithDog_v_WalkingWithDog_g02_c01,WalkingWithDog,Shifted-RAT-fusion-mask,42,data/ucf101_rescue/UCF-101/WalkingWithDog/v_WalkingWithDog_g02_c01.avi,data/backend_inputs/WalkingWithDog_v_WalkingWithDog_g02_c01/seed_42/rat_dp/rat_intermediate_merged.mp4,27.532191,False,RAT cue-fusion scores shifted by a fixed public spatial offset,,,False,8.000000,0.000100,176.513183,20,14,13.606487,0.102189,13.367563,15.575381,13.174904,0.061464,0.601476,0.575377,0.100806,13.367563,19.672027,13.009849,0.023607,0.234182,0.215666,0.101739,13.367563,3.944210,22.522887,0.890889,8.756596,72.088782,0.101739,0.102189,0.059443,0.059706,0.030702,0.584271,0.101739,0.100806,0.020486,0.020298,0.010301,0.201357,0.059443,0.584271,0.020486,0.201357
WalkingWithDog_v_WalkingWithDog_g02_c01,WalkingWithDog,VideoMAE-only-mask,42,data/ucf101_rescue/UCF-101/WalkingWithDog/v_WalkingWithDog_g02_c01.avi,data/backend_inputs/WalkingWithDog_v_WalkingWithDog_g02_c01/seed_42/rat_dp/rat_intermediate_merged.mp4,27.532191,False,VideoMAE semantic-token salience only,,,False,8.000000,0.000100,176.513183,20,14,13.097491,0.102189,12.896272,20.196777,12.511549,0.019026,0.186187,0.170403,0.100806,12.896272,21.733248,12.492409,0.013176,0.130708,0.119101,0.100937,12.896272,3.372215,22.638846,0.904603,8.962016,84.462330,0.100937,0.102189,0.009549,0.009667,0.004827,0.094603,0.100937,0.100806,0.006588,0.006579,0.003302,0.065263,0.009549,0.094603,0.006588,0.065263
WalkingWithDog_v_WalkingWithDog_g03_c01,WalkingWithDog,RAT-mask,42,data/ucf101_rescue/UCF-101/WalkingWithDog/v_WalkingWithDog_g03_c01.avi,data/backend_inputs/WalkingWithDog_v_WalkingWithDog_g03_c01/seed_42/rat_dp/rat_intermediate_merged.mp4,30.456775,False,private RAT-DP risk scores from the existing run,,,False,8.000000,0.000100,176.513183,20,14,14.826061,0.102173,14.589289,14.354474,14.616834,0.107849,1.055557,1.062273,0.102285,14.589289,5.143160,24.137284,0.900382,8.802640,79.325426,0.102285,14.589289,5.143160,24.137284,0.900382,8.802640,79.325426,0.102285,0.102173,0.116694,0.116565,0.061926,1.140863,0.102285,0.102285,1.000000,1.000000,1.000000,9.776564,0.116694,1.140863,1.000000,9.776564
WalkingWithDog_v_WalkingWithDog_g03_c01,WalkingWithDog,Motion-only-mask,42,data/ucf101_rescue/UCF-101/WalkingWithDog/v_WalkingWithDog_g03_c01.avi,data/backend_inputs/WalkingWithDog_v_WalkingWithDog_g03_c01/seed_42/rat_dp/rat_intermediate_merged.mp4,30.456775,False,backend frame-difference motion-only scores,,,False,8.000000,0.000100,176.513183,20,14,15.064678,0.102173,14.827409,7.168817,18.294753,0.595928,5.832560,12.959660,0.102285,14.827409,12.131751,15.275412,0.190274,1.860227,2.062368,0.102401,14.827409,5.396102,24.286197,0.898327,8.772649,77.447888,0.102401,0.102173,0.664931,0.663449,0.497218,6.493406,0.102401,0.102285,0.197354,0.197131,0.109411,1.927265,0.664931,6.493406,0.197354,1.927265
WalkingWithDog_v_WalkingWithDog_g03_c01,WalkingWithDog,Random-mask,42,data/ucf101_rescue/UCF-101/WalkingWithDog/v_WalkingWithDog_g03_c01.avi,data/backend_inputs/WalkingWithDog_v_WalkingWithDog_g03_c01/seed_42/rat_dp/rat_intermediate_merged.mp4,30.456775,False,public seeded random scores independent of video content,,,False,8.000000,0.000100,176.513183,20,14,14.876033,0.102173,14.647839,14.449816,14.670957,0.106939,1.046652,1.052238,0.102285,14.647839,14.893626,14.620696,0.096657,0.944977,0.939090,0.102112,14.647839,5.199691,24.148757,0.899277,8.806732,78.506691,0.102112,0.102173,0.113501,0.113568,0.060184,1.111528,0.102112,0.102285,0.099095,0.099263,0.052177,0.970449,0.113501,1.111528,0.099095,0.970449
WalkingWithDog_v_WalkingWithDog_g03_c01,WalkingWithDog,Shifted-RAT-mask,42,data/ucf101_rescue/UCF-101/WalkingWithDog/v_WalkingWithDog_g03_c01.avi,data/backend_inputs/WalkingWithDog_v_WalkingWithDog_g03_c01/seed_42/rat_dp/rat_intermediate_merged.mp4,30.456775,False,RAT scores shifted by a fixed public spatial offset,,,False,8.000000,0.000100,176.513183,20,14,14.818049,0.102173,14.588824,16.974317,14.384814,0.058991,0.577365,0.550871,0.102285,14.588824,18.572300,14.301458,0.040876,0.399625,0.374038,0.102010,14.588824,5.134832,24.103360,0.899580,8.818591,78.859281,0.102010,0.102173,0.058335,0.058429,0.030069,0.571862,0.102010,0.102285,0.036194,0.036292,0.018456,0.354813,0.058335,0.571862,0.036194,0.354813
WalkingWithDog_v_WalkingWithDog_g03_c01,WalkingWithDog,RAT-no-trajectory-mask,42,data/ucf101_rescue/UCF-101/WalkingWithDog/v_WalkingWithDog_g03_c01.avi,data/backend_inputs/WalkingWithDog_v_WalkingWithDog_g03_c01/seed_42/rat_dp/rat_intermediate_merged.mp4,30.456775,False,same RAT cue fusion without trajectory propagation,,,False,8.000000,0.000100,176.513183,20,14,14.870017,0.102173,14.636636,13.991061,14.716574,0.118547,1.160266,1.181820,0.102285,14.636636,8.218901,16.751139,0.448319,4.383021,7.132206,0.102109,14.636636,5.184718,24.170022,0.900026,8.814379,79.164485,0.102109,0.102173,0.126313,0.126392,0.067436,1.237039,0.102109,0.102285,0.485953,0.486794,0.321330,4.759168,0.126313,1.237039,0.485953,4.759168
WalkingWithDog_v_WalkingWithDog_g03_c01,WalkingWithDog,Shifted-RAT-fusion-mask,42,data/ucf101_rescue/UCF-101/WalkingWithDog/v_WalkingWithDog_g03_c01.avi,data/backend_inputs/WalkingWithDog_v_WalkingWithDog_g03_c01/seed_42/rat_dp/rat_intermediate_merged.mp4,30.456775,False,RAT cue-fusion scores shifted by a fixed public spatial offset,,,False,8.000000,0.000100,176.513183,20,14,14.901116,0.102173,14.666482,16.119721,14.528155,0.073116,0.715609,0.693176,0.102285,14.666482,17.994723,14.409362,0.047532,0.464703,0.437990,0.101789,14.666482,5.214302,24.082961,0.897262,8.814913,77.066559,0.101789,0.102173,0.072928,0.073203,0.037918,0.716459,0.101789,0.102285,0.046498,0.046725,0.023862,0.456808,0.072928,0.716459,0.046498,0.456808
WalkingWithDog_v_WalkingWithDog_g03_c01,WalkingWithDog,VideoMAE-only-mask,42,data/ucf101_rescue/UCF-101/WalkingWithDog/v_WalkingWithDog_g03_c01.avi,data/backend_inputs/WalkingWithDog_v_WalkingWithDog_g03_c01/seed_42/rat_dp/rat_intermediate_merged.mp4,30.456775,False,VideoMAE semantic-token salience only,,,False,8.000000,0.000100,176.513183,20,14,14.540889,0.102173,14.320426,11.780087,14.732191,0.183387,1.794874,1.973379,0.102285,14.320426,17.592818,14.066112,0.048148,0.470718,0.443945,0.100937,14.320426,4.788626,24.137116,0.906218,8.978008,86.069443,0.100937,0.102173,0.223210,0.225941,0.126486,2.211365,0.100937,0.102285,0.060730,0.061541,0.031530,0.601655,0.223210,2.211365,0.060730,0.601655
WalkingWithDog_v_WalkingWithDog_g04_c01,WalkingWithDog,RAT-mask,42,data/ucf101_rescue/UCF-101/WalkingWithDog/v_WalkingWithDog_g04_c01.avi,data/backend_inputs/WalkingWithDog_v_WalkingWithDog_g04_c01/seed_42/rat_dp/rat_intermediate_merged.mp4,28.608784,False,private RAT-DP risk scores from the existing run,,,False,8.000000,0.000100,109.878570,20,14,14.454779,0.102043,14.386115,10.049276,15.327235,0.276991,2.714463,3.371288,0.100164,14.386115,4.683176,25.826498,0.935416,9.338862,130.116464,0.100164,14.386115,4.683176,25.826498,0.935416,9.338862,130.116464,0.100164,0.102043,0.291130,0.296591,0.172220,2.906539,0.100164,0.100164,1.000000,1.000000,1.000000,9.983646,0.291130,2.906539,1.000000,9.983646
WalkingWithDog_v_WalkingWithDog_g04_c01,WalkingWithDog,Motion-only-mask,42,data/ucf101_rescue/UCF-101/WalkingWithDog/v_WalkingWithDog_g04_c01.avi,data/backend_inputs/WalkingWithDog_v_WalkingWithDog_g04_c01/seed_42/rat_dp/rat_intermediate_merged.mp4,28.608784,False,backend frame-difference motion-only scores,,,False,8.000000,0.000100,109.878570,20,14,14.611194,0.102043,14.555242,6.186232,19.330254,0.700943,6.869118,20.625390,0.100164,14.555242,9.474549,15.788976,0.322686,3.221583,4.279989,0.101140,14.555242,4.878707,26.225038,0.938805,9.282254,136.343072,0.101140,0.102043,0.729076,0.735584,0.577680,7.208599,0.101140,0.100164,0.344453,0.341129,0.206842,3.405710,0.729076,7.208599,0.344453,3.405710
WalkingWithDog_v_WalkingWithDog_g04_c01,WalkingWithDog,Random-mask,42,data/ucf101_rescue/UCF-101/WalkingWithDog/v_WalkingWithDog_g04_c01.avi,data/backend_inputs/WalkingWithDog_v_WalkingWithDog_g04_c01/seed_42/rat_dp/rat_intermediate_merged.mp4,28.608784,False,public seeded random scores independent of video content,,,False,8.000000,0.000100,109.878570,20,14,14.213636,0.102043,14.147270,14.265058,14.134085,0.099312,0.973243,0.970293,0.100164,14.147270,14.889860,14.071948,0.084421,0.842832,0.828340,0.102034,14.147270,4.524587,25.579706,0.935432,9.167868,127.500511,0.102034,0.102043,0.099049,0.099058,0.052108,0.970750,0.102034,0.100164,0.089807,0.088161,0.046560,0.880172,0.099049,0.970750,0.089807,0.880172
WalkingWithDog_v_WalkingWithDog_g04_c01,WalkingWithDog,Shifted-RAT-mask,42,data/ucf101_rescue/UCF-101/WalkingWithDog/v_WalkingWithDog_g04_c01.avi,data/backend_inputs/WalkingWithDog_v_WalkingWithDog_g04_c01/seed_42/rat_dp/rat_intermediate_merged.mp4,28.608784,False,RAT scores shifted by a fixed public spatial offset,,,False,8.000000,0.000100,109.878570,20,14,14.008121,0.102043,13.937042,14.723281,13.856075,0.085145,0.834403,0.818992,0.100164,13.937042,19.268210,13.608045,0.029349,0.293011,0.271634,0.102103,13.937042,4.308176,25.503725,0.937402,9.180929,131.690651,0.102103,0.102043,0.088613,0.088561,0.046346,0.867880,0.102103,0.100164,0.022345,0.021921,0.011189,0.218849,0.088613,0.867880,0.022345,0.218849
WalkingWithDog_v_WalkingWithDog_g04_c01,WalkingWithDog,RAT-no-trajectory-mask,42,data/ucf101_rescue/UCF-101/WalkingWithDog/v_WalkingWithDog_g04_c01.avi,data/backend_inputs/WalkingWithDog_v_WalkingWithDog_g04_c01/seed_42/rat_dp/rat_intermediate_merged.mp4,28.608784,False,same RAT cue fusion without trajectory propagation,,,False,8.000000,0.000100,109.878570,20,14,14.560868,0.102043,14.493875,10.495882,15.311876,0.256201,2.510726,3.031094,0.100164,14.493875,6.798621,17.898824,0.589164,5.882005,12.883098,0.099651,14.493875,4.776743,25.821058,0.933673,9.369430,127.183723,0.099651,0.102043,0.261167,0.267435,0.152249,2.620817,0.099651,0.100164,0.630808,0.634054,0.462444,6.330170,0.261167,2.620817,0.630808,6.330170
WalkingWithDog_v_WalkingWithDog_g04_c01,WalkingWithDog,Shifted-RAT-fusion-mask,42,data/ucf101_rescue/UCF-101/WalkingWithDog/v_WalkingWithDog_g04_c01.avi,data/backend_inputs/WalkingWithDog_v_WalkingWithDog_g04_c01/seed_42/rat_dp/rat_intermediate_merged.mp4,28.608784,False,RAT cue-fusion scores shifted by a fixed public spatial offset,,,False,8.000000,0.000100,109.878570,20,14,14.071063,0.102043,13.993612,15.488913,13.852182,0.072319,0.708712,0.686004,0.100164,13.993612,16.849807,13.766664,0.051891,0.518061,0.491684,0.102166,13.993612,4.374555,25.454159,0.935858,9.160215,128.221343,0.102166,0.102043,0.067036,0.066956,0.034659,0.656154,0.102166,0.100164,0.041854,0.041034,0.021159,0.409672,0.067036,0.656154,0.041854,0.409672
WalkingWithDog_v_WalkingWithDog_g04_c01,WalkingWithDog,VideoMAE-only-mask,42,data/ucf101_rescue/UCF-101/WalkingWithDog/v_WalkingWithDog_g04_c01.avi,data/backend_inputs/WalkingWithDog_v_WalkingWithDog_g04_c01/seed_42/rat_dp/rat_intermediate_merged.mp4,28.608784,False,VideoMAE semantic-token salience only,,,False,8.000000,0.000100,109.878570,20,14,13.454607,0.102043,13.397151,20.531312,13.016300,0.019741,0.193457,0.177214,0.100164,13.397151,18.615957,13.071598,0.030118,0.300690,0.278974,0.100937,13.397151,3.683780,25.524195,0.944908,9.361321,152.771188,0.100937,0.102043,0.007697,0.007782,0.003885,0.076258,0.100937,0.100164,0.028610,0.028391,0.014456,0.283444,0.007697,0.076258,0.028610,0.283444
