video_id,policy,n_seeds,cover_mean,cover_std,cover_min,cover_max,raw_errshare_mean,raw_errshare_std,raw_errshare_min,raw_errshare_max,inc_errshare_mean,inc_errshare_std,inc_errshare_min,inc_errshare_max
BalanceBeam_v_BalanceBeam_g01_c01,Motion-reference,10,0.502509,0.000000,0.502509,0.502509,0.477513,0.003192,0.469667,0.482137,0.492869,0.003595,0.483908,0.497146
BalanceBeam_v_BalanceBeam_g01_c01,RAT+traj,10,0.202622,0.009700,0.187466,0.221362,0.199552,0.010373,0.184741,0.218339,0.199916,0.011026,0.183998,0.220251
BalanceBeam_v_BalanceBeam_g01_c01,RAT-fusion,10,0.210261,0.000000,0.210261,0.210261,0.208019,0.002094,0.204959,0.212364,0.208725,0.002334,0.205389,0.213727
BalanceBeam_v_BalanceBeam_g01_c01,Random,10,0.102066,0.003325,0.095149,0.107508,0.094050,0.004424,0.088433,0.101880,0.089027,0.004592,0.083381,0.097171
BalanceBeam_v_BalanceBeam_g01_c01,Shifted-RAT+traj,10,0.069169,0.006225,0.061760,0.080290,0.071271,0.004980,0.065177,0.080256,0.064721,0.005175,0.058006,0.074216
BalanceBeam_v_BalanceBeam_g01_c01,Shifted-RAT-fusion,10,0.096740,0.000000,0.096740,0.096740,0.091782,0.001515,0.089245,0.094945,0.086333,0.001608,0.083580,0.089631
BalanceBeam_v_BalanceBeam_g01_c01,VideoMAE-only,10,0.004021,0.000000,0.004021,0.004021,0.011425,0.000567,0.010676,0.012479,0.004328,0.000551,0.003624,0.005314
BalanceBeam_v_BalanceBeam_g02_c01,Motion-reference,10,0.852663,0.000000,0.852663,0.852663,0.828977,0.003793,0.823780,0.836372,0.846926,0.004676,0.840002,0.855340
BalanceBeam_v_BalanceBeam_g02_c01,RAT+traj,10,0.396700,0.008241,0.381906,0.409700,0.368094,0.009749,0.356216,0.388553,0.360314,0.010345,0.347927,0.381899
BalanceBeam_v_BalanceBeam_g02_c01,RAT-fusion,10,0.429827,0.000000,0.429827,0.429827,0.403822,0.003062,0.398945,0.410396,0.397766,0.003348,0.393445,0.405145
BalanceBeam_v_BalanceBeam_g02_c01,Random,10,0.105150,0.005468,0.097448,0.115385,0.107993,0.005294,0.100524,0.116605,0.088574,0.005310,0.081202,0.096534
BalanceBeam_v_BalanceBeam_g02_c01,Shifted-RAT+traj,10,0.079621,0.006089,0.071616,0.088761,0.094161,0.004457,0.086919,0.100420,0.072266,0.004821,0.064604,0.079261
BalanceBeam_v_BalanceBeam_g02_c01,Shifted-RAT-fusion,10,0.054497,0.000000,0.054497,0.054497,0.069717,0.001693,0.067390,0.072588,0.047581,0.001821,0.044989,0.050708
BalanceBeam_v_BalanceBeam_g02_c01,VideoMAE-only,10,0.000000,0.000000,0.000000,0.000000,0.020757,0.000161,0.020523,0.020998,0.000466,0.000004,0.000460,0.000474
BalanceBeam_v_BalanceBeam_g03_c01,Motion-reference,10,0.726794,0.000000,0.726794,0.726794,0.697976,0.002176,0.694081,0.701214,0.711521,0.002279,0.707597,0.714951
BalanceBeam_v_BalanceBeam_g03_c01,RAT+traj,10,0.442695,0.003588,0.435959,0.448667,0.424504,0.004390,0.414785,0.431024,0.424753,0.004468,0.414973,0.431485
BalanceBeam_v_BalanceBeam_g03_c01,RAT-fusion,10,0.441153,0.000000,0.441153,0.441153,0.423510,0.002943,0.417155,0.427345,0.423712,0.003122,0.416948,0.427939
BalanceBeam_v_BalanceBeam_g03_c01,Random,10,0.101993,0.004263,0.097097,0.111128,0.097983,0.003700,0.090898,0.103743,0.085416,0.003864,0.078416,0.091709
BalanceBeam_v_BalanceBeam_g03_c01,Shifted-RAT+traj,10,0.062141,0.003619,0.057705,0.070614,0.067258,0.003218,0.063475,0.074247,0.052917,0.003204,0.049028,0.060050
BalanceBeam_v_BalanceBeam_g03_c01,Shifted-RAT-fusion,10,0.067040,0.000000,0.067040,0.067040,0.071829,0.001209,0.069341,0.073228,0.057683,0.001167,0.055102,0.059043
BalanceBeam_v_BalanceBeam_g03_c01,VideoMAE-only,10,0.000000,0.000000,0.000000,0.000000,0.012767,0.000127,0.012605,0.012955,0.000459,0.000005,0.000453,0.000466
BalanceBeam_v_BalanceBeam_g10_c03,Motion-reference,10,0.848157,0.000000,0.848157,0.848157,0.798694,0.002010,0.794925,0.801752,0.839513,0.002598,0.834828,0.844566
BalanceBeam_v_BalanceBeam_g10_c03,RAT+traj,10,0.376330,0.008244,0.359232,0.389343,0.368111,0.006710,0.357653,0.379852,0.363905,0.007503,0.352614,0.376499
BalanceBeam_v_BalanceBeam_g10_c03,RAT-fusion,10,0.412908,0.000000,0.412908,0.412908,0.400266,0.004169,0.395098,0.409854,0.399524,0.004604,0.394143,0.409859
BalanceBeam_v_BalanceBeam_g10_c03,Random,10,0.101101,0.007583,0.089522,0.118116,0.108829,0.005377,0.098884,0.119615,0.086239,0.005873,0.075923,0.098005
BalanceBeam_v_BalanceBeam_g10_c03,Shifted-RAT+traj,10,0.113621,0.006673,0.102614,0.123914,0.118126,0.005772,0.109051,0.127162,0.096308,0.005984,0.086641,0.105569
BalanceBeam_v_BalanceBeam_g10_c03,Shifted-RAT-fusion,10,0.117077,0.000000,0.117077,0.117077,0.116486,0.001280,0.114524,0.119299,0.094857,0.001432,0.092464,0.097960
BalanceBeam_v_BalanceBeam_g10_c03,VideoMAE-only,10,0.000000,0.000000,0.000000,0.000000,0.022030,0.000184,0.021768,0.022360,0.000485,0.000004,0.000479,0.000492
Basketball_v_Basketball_g01_c01,Motion-reference,10,0.464073,0.000000,0.464073,0.464073,0.407596,0.002750,0.403159,0.412764,0.432610,0.002816,0.427845,0.437523
Basketball_v_Basketball_g01_c01,RAT+traj,10,0.116437,0.006491,0.102394,0.125097,0.103496,0.007310,0.088390,0.113981,0.107186,0.007937,0.090129,0.120017
Basketball_v_Basketball_g01_c01,RAT-fusion,10,0.157413,0.000000,0.157413,0.157413,0.141223,0.001898,0.139312,0.144799,0.147638,0.002665,0.143715,0.152812
Basketball_v_Basketball_g01_c01,Random,10,0.100526,0.003523,0.094351,0.106713,0.103483,0.003456,0.098342,0.111634,0.097607,0.003734,0.092182,0.105608
Basketball_v_Basketball_g01_c01,Shifted-RAT+traj,10,0.053304,0.005191,0.042051,0.060452,0.053030,0.004822,0.042256,0.060420,0.053401,0.005086,0.044628,0.063173
Basketball_v_Basketball_g01_c01,Shifted-RAT-fusion,10,0.067176,0.000000,0.067176,0.067176,0.064766,0.001867,0.061694,0.068618,0.066127,0.001546,0.064391,0.069109
Basketball_v_Basketball_g01_c01,VideoMAE-only,10,0.021956,0.000000,0.021956,0.021956,0.028535,0.000469,0.027916,0.029445,0.026947,0.001539,0.024915,0.029527
Basketball_v_Basketball_g02_c01,Motion-reference,10,0.696391,0.000000,0.696391,0.696391,0.620139,0.003243,0.613043,0.625102,0.695150,0.002872,0.689345,0.698282
Basketball_v_Basketball_g02_c01,RAT+traj,10,0.293395,0.011942,0.273957,0.319764,0.272274,0.009765,0.260608,0.296456,0.297559,0.010958,0.284106,0.324477
Basketball_v_Basketball_g02_c01,RAT-fusion,10,0.312542,0.000000,0.312542,0.312542,0.287006,0.002319,0.283904,0.291683,0.314015,0.004256,0.309073,0.321251
Basketball_v_Basketball_g02_c01,Random,10,0.103240,0.009891,0.090758,0.124835,0.106716,0.007636,0.096435,0.122602,0.102772,0.009445,0.088203,0.120511
Basketball_v_Basketball_g02_c01,Shifted-RAT+traj,10,0.054575,0.005112,0.044809,0.063947,0.060575,0.005740,0.049353,0.071283,0.059695,0.006117,0.049045,0.070045
Basketball_v_Basketball_g02_c01,Shifted-RAT-fusion,10,0.061076,0.000000,0.061076,0.061076,0.065971,0.001613,0.063653,0.068235,0.065787,0.002374,0.061930,0.069106
Basketball_v_Basketball_g02_c01,VideoMAE-only,10,0.171205,0.000000,0.171205,0.171205,0.159483,0.001223,0.157258,0.161877,0.173615,0.001718,0.171227,0.176242
Basketball_v_Basketball_g03_c01,Motion-reference,10,0.698083,0.000000,0.698083,0.698083,0.639159,0.003432,0.633857,0.646562,0.700273,0.003044,0.695698,0.707092
Basketball_v_Basketball_g03_c01,RAT+traj,10,0.359502,0.010337,0.341550,0.374043,0.344090,0.009187,0.328757,0.355186,0.369622,0.010307,0.352359,0.381797
Basketball_v_Basketball_g03_c01,RAT-fusion,10,0.337167,0.000000,0.337167,0.337167,0.317900,0.003945,0.311920,0.326900,0.340500,0.004354,0.333962,0.350514
Basketball_v_Basketball_g03_c01,Random,10,0.103787,0.004047,0.098489,0.111321,0.107896,0.003645,0.101203,0.112722,0.106138,0.004067,0.099088,0.111443
Basketball_v_Basketball_g03_c01,Shifted-RAT+traj,10,0.111977,0.008000,0.102753,0.128689,0.127680,0.006767,0.121385,0.144352,0.129046,0.007704,0.121450,0.147988
Basketball_v_Basketball_g03_c01,Shifted-RAT-fusion,10,0.124063,0.000000,0.124063,0.124063,0.135261,0.001812,0.131683,0.138466,0.137770,0.002117,0.134004,0.141709
Basketball_v_Basketball_g03_c01,VideoMAE-only,10,0.028601,0.000000,0.028601,0.028601,0.040893,0.000657,0.039682,0.042155,0.029337,0.001050,0.027462,0.031344
Basketball_v_Basketball_g04_c01,Motion-reference,10,0.740212,0.000000,0.740212,0.740212,0.670660,0.003048,0.666975,0.676090,0.727263,0.004102,0.722097,0.734187
Basketball_v_Basketball_g04_c01,RAT+traj,10,0.194830,0.011711,0.177258,0.217873,0.183047,0.009719,0.167806,0.197506,0.180882,0.010775,0.164341,0.196812
Basketball_v_Basketball_g04_c01,RAT-fusion,10,0.177698,0.000000,0.177698,0.177698,0.169142,0.002367,0.166314,0.174498,0.165462,0.002715,0.161799,0.171308
Basketball_v_Basketball_g04_c01,Random,10,0.103002,0.004502,0.093063,0.109742,0.110835,0.004605,0.100611,0.116716,0.098842,0.004444,0.088436,0.104470
Basketball_v_Basketball_g04_c01,Shifted-RAT+traj,10,0.140421,0.008109,0.132464,0.160980,0.157693,0.007906,0.146852,0.176552,0.149893,0.009149,0.137550,0.171940
Basketball_v_Basketball_g04_c01,Shifted-RAT-fusion,10,0.154081,0.000000,0.154081,0.154081,0.166485,0.002186,0.163288,0.170901,0.159996,0.002675,0.156043,0.165267
Basketball_v_Basketball_g04_c01,VideoMAE-only,10,0.005519,0.000000,0.005519,0.005519,0.025997,0.000409,0.025375,0.026602,0.006193,0.000485,0.005415,0.006971
Biking_v_Biking_g01_c01,Motion-reference,10,0.819647,0.000000,0.819647,0.819647,0.737849,0.002073,0.734820,0.741777,0.803326,0.002281,0.800236,0.806697
Biking_v_Biking_g01_c01,RAT+traj,10,0.204908,0.011500,0.186836,0.225811,0.202954,0.010366,0.190247,0.221687,0.195785,0.011833,0.180287,0.216596
Biking_v_Biking_g01_c01,RAT-fusion,10,0.295175,0.000000,0.295175,0.295175,0.287313,0.002019,0.284648,0.290602,0.288701,0.001958,0.285952,0.291152
Biking_v_Biking_g01_c01,Random,10,0.103004,0.003375,0.099214,0.108799,0.126244,0.003452,0.120982,0.131110,0.108549,0.003949,0.103811,0.114045
Biking_v_Biking_g01_c01,Shifted-RAT+traj,10,0.088232,0.009600,0.074467,0.104484,0.116438,0.008960,0.103784,0.133211,0.095339,0.010253,0.080714,0.114296
Biking_v_Biking_g01_c01,Shifted-RAT-fusion,10,0.091035,0.000000,0.091035,0.091035,0.117780,0.001733,0.114555,0.120993,0.097517,0.002054,0.093978,0.101244
Biking_v_Biking_g01_c01,VideoMAE-only,10,0.119478,0.000000,0.119478,0.119478,0.146152,0.001283,0.144359,0.148314,0.129187,0.001253,0.127317,0.130900
Biking_v_Biking_g02_c01,Motion-reference,10,0.634583,0.000000,0.634583,0.634583,0.568278,0.002086,0.565908,0.572925,0.629600,0.002322,0.625790,0.633787
Biking_v_Biking_g02_c01,RAT+traj,10,0.230187,0.004799,0.221501,0.236420,0.223164,0.005182,0.216121,0.229715,0.228316,0.005754,0.219908,0.235753
Biking_v_Biking_g02_c01,RAT-fusion,10,0.214874,0.000000,0.214874,0.214874,0.211793,0.001774,0.209109,0.214501,0.214626,0.001893,0.211960,0.217280
Biking_v_Biking_g02_c01,Random,10,0.101685,0.003130,0.097308,0.108509,0.110209,0.002873,0.105314,0.115981,0.097790,0.003241,0.092271,0.104155
Biking_v_Biking_g02_c01,Shifted-RAT+traj,10,0.146383,0.002443,0.141574,0.151097,0.143985,0.003094,0.139078,0.149456,0.135683,0.003186,0.131019,0.141196
Biking_v_Biking_g02_c01,Shifted-RAT-fusion,10,0.134394,0.000000,0.134394,0.134394,0.137702,0.001410,0.135024,0.139675,0.128686,0.001596,0.124995,0.130523
Biking_v_Biking_g02_c01,VideoMAE-only,10,0.043450,0.000000,0.043450,0.043450,0.057802,0.000964,0.056113,0.059667,0.040012,0.001066,0.038322,0.042061
Biking_v_Biking_g03_c01,Motion-reference,10,0.877059,0.000000,0.877059,0.877059,0.844601,0.001489,0.841477,0.846574,0.868800,0.001685,0.865108,0.871073
Biking_v_Biking_g03_c01,RAT+traj,10,0.358182,0.006915,0.347612,0.365927,0.334790,0.008141,0.322766,0.346422,0.336851,0.008412,0.324739,0.349174
Biking_v_Biking_g03_c01,RAT-fusion,10,0.295618,0.000000,0.295618,0.295618,0.282370,0.002287,0.279263,0.286468,0.282783,0.002431,0.279621,0.287090
Biking_v_Biking_g03_c01,Random,10,0.101504,0.004185,0.095029,0.109348,0.109807,0.003654,0.104082,0.115271,0.105794,0.003857,0.099928,0.111521
Biking_v_Biking_g03_c01,Shifted-RAT+traj,10,0.093706,0.002199,0.091329,0.098631,0.097296,0.002621,0.093940,0.103417,0.091548,0.002747,0.088131,0.098006
Biking_v_Biking_g03_c01,Shifted-RAT-fusion,10,0.078010,0.000000,0.078010,0.078010,0.083362,0.000537,0.082283,0.083937,0.077324,0.000626,0.076244,0.078117
Biking_v_Biking_g03_c01,VideoMAE-only,10,0.000123,0.000000,0.000123,0.000123,0.010175,0.000066,0.010052,0.010275,0.000870,0.000044,0.000794,0.000935
Biking_v_Biking_g04_c01,Motion-reference,10,0.762569,0.000000,0.762569,0.762569,0.701895,0.001951,0.698712,0.706285,0.757803,0.002424,0.753875,0.762841
Biking_v_Biking_g04_c01,RAT+traj,10,0.214258,0.006687,0.198637,0.224023,0.195206,0.006013,0.183059,0.205527,0.201437,0.006592,0.187364,0.212030
Biking_v_Biking_g04_c01,RAT-fusion,10,0.187960,0.000000,0.187960,0.187960,0.159844,0.002110,0.155607,0.162761,0.163710,0.002107,0.159533,0.166524
Biking_v_Biking_g04_c01,Random,10,0.100643,0.002568,0.096018,0.104390,0.097367,0.003123,0.092109,0.102630,0.094054,0.003415,0.088292,0.099554
Biking_v_Biking_g04_c01,Shifted-RAT+traj,10,0.101059,0.004360,0.096145,0.111503,0.101451,0.003812,0.097486,0.111006,0.098895,0.004152,0.094213,0.109346
Biking_v_Biking_g04_c01,Shifted-RAT-fusion,10,0.103659,0.000000,0.103659,0.103659,0.101750,0.000717,0.100474,0.102866,0.099417,0.000820,0.098257,0.100703
Biking_v_Biking_g04_c01,VideoMAE-only,10,0.144694,0.000000,0.144694,0.144694,0.137106,0.001022,0.135409,0.138328,0.137282,0.001106,0.135223,0.138755
Diving_v_Diving_g01_c01,Motion-reference,10,0.787897,0.000000,0.787897,0.787897,0.744650,0.000752,0.742918,0.745677,0.786098,0.001021,0.784577,0.787728
Diving_v_Diving_g01_c01,RAT+traj,10,0.170769,0.005698,0.162369,0.181308,0.180461,0.005442,0.171617,0.190492,0.178697,0.006079,0.169247,0.189650
Diving_v_Diving_g01_c01,RAT-fusion,10,0.183052,0.000000,0.183052,0.183052,0.191191,0.001226,0.189517,0.193620,0.190165,0.001247,0.188450,0.192463
Diving_v_Diving_g01_c01,Random,10,0.101726,0.003705,0.096853,0.110510,0.110956,0.003910,0.105998,0.120119,0.104783,0.003974,0.099647,0.113695
Diving_v_Diving_g01_c01,Shifted-RAT+traj,10,0.044375,0.003253,0.038459,0.049259,0.056778,0.003239,0.051278,0.061478,0.046606,0.003434,0.040916,0.051405
Diving_v_Diving_g01_c01,Shifted-RAT-fusion,10,0.057369,0.000000,0.057369,0.057369,0.069293,0.000486,0.068718,0.070252,0.060025,0.000363,0.059403,0.060765
Diving_v_Diving_g01_c01,VideoMAE-only,10,0.054470,0.000000,0.054470,0.054470,0.064119,0.000339,0.063569,0.064645,0.055492,0.000269,0.055018,0.055943
Diving_v_Diving_g02_c01,Motion-reference,10,0.697383,0.000000,0.697383,0.697383,0.600477,0.001669,0.598226,0.602885,0.678631,0.002107,0.675478,0.682018
Diving_v_Diving_g02_c01,RAT+traj,10,0.145582,0.008478,0.130575,0.159805,0.134572,0.007225,0.120969,0.146011,0.137539,0.008621,0.121612,0.150016
Diving_v_Diving_g02_c01,RAT-fusion,10,0.153481,0.000000,0.153481,0.153481,0.140727,0.001006,0.138623,0.141965,0.144625,0.001236,0.142768,0.146039
Diving_v_Diving_g02_c01,Random,10,0.105662,0.005594,0.098760,0.118280,0.100203,0.004627,0.094669,0.111369,0.094687,0.005389,0.087468,0.107930
Diving_v_Diving_g02_c01,Shifted-RAT+traj,10,0.097835,0.009776,0.079252,0.112156,0.096741,0.007924,0.081810,0.107889,0.092608,0.009355,0.074300,0.105868
Diving_v_Diving_g02_c01,Shifted-RAT-fusion,10,0.081870,0.000000,0.081869,0.081869,0.080495,0.000818,0.078543,0.081654,0.074344,0.001279,0.071427,0.075797
Diving_v_Diving_g02_c01,VideoMAE-only,10,0.195749,0.000000,0.195749,0.195749,0.134718,0.001050,0.133102,0.136267,0.137341,0.001400,0.135159,0.139096
Diving_v_Diving_g03_c01,Motion-reference,10,0.777236,0.000000,0.777236,0.777236,0.705056,0.001532,0.702808,0.707173,0.772166,0.001694,0.770320,0.774929
Diving_v_Diving_g03_c01,RAT+traj,10,0.112602,0.005104,0.101128,0.119764,0.101961,0.004179,0.093449,0.107976,0.101725,0.004675,0.092178,0.108047
Diving_v_Diving_g03_c01,RAT-fusion,10,0.132463,0.000000,0.132463,0.132463,0.123983,0.001718,0.121842,0.126837,0.125660,0.001692,0.123905,0.129393
Diving_v_Diving_g03_c01,Random,10,0.100731,0.005328,0.091591,0.110206,0.095173,0.004798,0.087178,0.103011,0.090840,0.004986,0.082225,0.099379
Diving_v_Diving_g03_c01,Shifted-RAT+traj,10,0.087682,0.004009,0.080060,0.095681,0.088076,0.004197,0.080675,0.095673,0.085958,0.004141,0.078988,0.094372
Diving_v_Diving_g03_c01,Shifted-RAT-fusion,10,0.079956,0.000000,0.079956,0.079956,0.078616,0.000900,0.077221,0.080770,0.075806,0.001117,0.073734,0.077702
Diving_v_Diving_g03_c01,VideoMAE-only,10,0.301806,0.000000,0.301806,0.301806,0.281660,0.001408,0.278069,0.283192,0.301948,0.001711,0.298064,0.303805
Diving_v_Diving_g04_c01,Motion-reference,10,0.790757,0.000000,0.790757,0.790757,0.724683,0.002394,0.718741,0.727538,0.779740,0.003316,0.772688,0.782807
Diving_v_Diving_g04_c01,RAT+traj,10,0.188435,0.013447,0.173059,0.222849,0.187493,0.011463,0.170327,0.215113,0.188154,0.012784,0.168726,0.219057
Diving_v_Diving_g04_c01,RAT-fusion,10,0.204834,0.000000,0.204834,0.204834,0.202215,0.002509,0.198530,0.206918,0.204863,0.002779,0.201816,0.211518
Diving_v_Diving_g04_c01,Random,10,0.102388,0.007113,0.092146,0.114226,0.111031,0.007894,0.100480,0.124627,0.105053,0.008732,0.093420,0.120822
Diving_v_Diving_g04_c01,Shifted-RAT+traj,10,0.039372,0.009070,0.028245,0.060256,0.055297,0.009873,0.044419,0.077390,0.042636,0.010461,0.030392,0.065675
Diving_v_Diving_g04_c01,Shifted-RAT-fusion,10,0.056165,0.000000,0.056165,0.056165,0.069816,0.001188,0.067145,0.071196,0.058681,0.001244,0.055940,0.060076
Diving_v_Diving_g04_c01,VideoMAE-only,10,0.045192,0.000000,0.045192,0.045192,0.058562,0.000738,0.057312,0.060298,0.046827,0.000963,0.045417,0.048852
WalkingWithDog_v_WalkingWithDog_g01_c01,Motion-reference,10,0.782433,0.000000,0.782433,0.782433,0.724563,0.001664,0.721075,0.726298,0.779338,0.001710,0.775258,0.780895
WalkingWithDog_v_WalkingWithDog_g01_c01,RAT+traj,10,0.239715,0.010843,0.222052,0.256144,0.220761,0.010335,0.203894,0.235146,0.226396,0.011455,0.207828,0.242125
WalkingWithDog_v_WalkingWithDog_g01_c01,RAT-fusion,10,0.284778,0.000000,0.284778,0.284778,0.260505,0.001025,0.258702,0.261959,0.269985,0.001189,0.268074,0.271421
WalkingWithDog_v_WalkingWithDog_g01_c01,Random,10,0.102349,0.002884,0.096902,0.106317,0.097835,0.002181,0.093814,0.100818,0.091537,0.002382,0.087274,0.095367
WalkingWithDog_v_WalkingWithDog_g01_c01,Shifted-RAT+traj,10,0.023062,0.001539,0.020747,0.026298,0.030553,0.001170,0.028380,0.032482,0.018745,0.001256,0.016549,0.020814
WalkingWithDog_v_WalkingWithDog_g01_c01,Shifted-RAT-fusion,10,0.040320,0.000000,0.040320,0.040320,0.043474,0.000649,0.042239,0.044239,0.032331,0.000705,0.031096,0.033314
WalkingWithDog_v_WalkingWithDog_g01_c01,VideoMAE-only,10,0.017364,0.000000,0.017364,0.017364,0.024772,0.000468,0.023767,0.025612,0.013346,0.000474,0.012448,0.014153
WalkingWithDog_v_WalkingWithDog_g02_c01,Motion-reference,10,0.778654,0.000000,0.778654,0.778654,0.671740,0.001237,0.669740,0.674026,0.760159,0.001712,0.756839,0.763503
WalkingWithDog_v_WalkingWithDog_g02_c01,RAT+traj,10,0.302410,0.010435,0.277045,0.319868,0.266229,0.008460,0.245407,0.278341,0.290528,0.009834,0.266428,0.305345
WalkingWithDog_v_WalkingWithDog_g02_c01,RAT-fusion,10,0.281168,0.000000,0.281168,0.281168,0.244009,0.002263,0.240782,0.248205,0.264303,0.002490,0.261288,0.269421
WalkingWithDog_v_WalkingWithDog_g02_c01,Random,10,0.101786,0.003695,0.096695,0.107781,0.085001,0.002875,0.080969,0.089224,0.082363,0.003274,0.077674,0.086519
WalkingWithDog_v_WalkingWithDog_g02_c01,Shifted-RAT+traj,10,0.064997,0.004515,0.059785,0.076392,0.064309,0.003377,0.061026,0.072801,0.058294,0.003825,0.054602,0.067804
WalkingWithDog_v_WalkingWithDog_g02_c01,Shifted-RAT-fusion,10,0.059443,0.000000,0.059443,0.059443,0.060661,0.000922,0.058914,0.062265,0.054049,0.001002,0.052070,0.055717
WalkingWithDog_v_WalkingWithDog_g02_c01,VideoMAE-only,10,0.009549,0.000000,0.009549,0.009549,0.018977,0.000236,0.018596,0.019407,0.008740,0.000271,0.008113,0.009165
WalkingWithDog_v_WalkingWithDog_g03_c01,Motion-reference,10,0.664931,0.000000,0.664931,0.664931,0.593027,0.002175,0.589508,0.595928,0.651823,0.002757,0.646145,0.655983
WalkingWithDog_v_WalkingWithDog_g03_c01,RAT+traj,10,0.112484,0.004305,0.105939,0.120046,0.105551,0.003560,0.099662,0.111560,0.107028,0.003679,0.100984,0.113409
WalkingWithDog_v_WalkingWithDog_g03_c01,RAT-fusion,10,0.126313,0.000000,0.126313,0.126313,0.118553,0.001852,0.115622,0.122143,0.121283,0.002114,0.118311,0.125647
WalkingWithDog_v_WalkingWithDog_g03_c01,Random,10,0.101760,0.006704,0.090054,0.113501,0.097530,0.005753,0.086814,0.106939,0.094944,0.006455,0.082912,0.105163
WalkingWithDog_v_WalkingWithDog_g03_c01,Shifted-RAT+traj,10,0.062470,0.005695,0.053454,0.070097,0.062092,0.005122,0.054283,0.069202,0.059068,0.005679,0.050437,0.066809
WalkingWithDog_v_WalkingWithDog_g03_c01,Shifted-RAT-fusion,10,0.072928,0.000000,0.072928,0.072928,0.071396,0.001334,0.069752,0.073116,0.069500,0.001573,0.067284,0.071512
WalkingWithDog_v_WalkingWithDog_g03_c01,VideoMAE-only,10,0.223210,0.000000,0.223210,0.223210,0.180156,0.001830,0.176711,0.183387,0.187291,0.002119,0.183201,0.190902
WalkingWithDog_v_WalkingWithDog_g04_c01,Motion-reference,10,0.729076,0.000000,0.729076,0.729076,0.698445,0.003168,0.691291,0.702426,0.725833,0.003679,0.717476,0.729612
WalkingWithDog_v_WalkingWithDog_g04_c01,RAT+traj,10,0.291859,0.011731,0.268131,0.316276,0.282213,0.010758,0.264650,0.304516,0.282335,0.011704,0.262900,0.306484
WalkingWithDog_v_WalkingWithDog_g04_c01,RAT-fusion,10,0.261167,0.000000,0.261167,0.261167,0.257754,0.001019,0.256201,0.259410,0.255810,0.001164,0.253564,0.257305
WalkingWithDog_v_WalkingWithDog_g04_c01,Random,10,0.100776,0.005545,0.090975,0.111322,0.100607,0.004723,0.093865,0.107870,0.089700,0.004909,0.082247,0.097675
WalkingWithDog_v_WalkingWithDog_g04_c01,Shifted-RAT+traj,10,0.082780,0.010739,0.061167,0.093379,0.083999,0.008848,0.065177,0.093874,0.072269,0.009403,0.052223,0.082934
WalkingWithDog_v_WalkingWithDog_g04_c01,Shifted-RAT-fusion,10,0.067036,0.000000,0.067036,0.067036,0.072650,0.001883,0.068708,0.074696,0.060173,0.002130,0.055732,0.062445
WalkingWithDog_v_WalkingWithDog_g04_c01,VideoMAE-only,10,0.007697,0.000000,0.007697,0.007697,0.019906,0.000728,0.018598,0.021302,0.006288,0.000667,0.005162,0.007658
