video_id,class,variant,selector_seed,score_maps,score_sha256,frames,block_grid,input_video
BalanceBeam_v_BalanceBeam_g01_c01,BalanceBeam,trajectory,0,extended_evidence_suite_20260906/E1_trajectory_scores/seed_0/BalanceBeam_v_BalanceBeam_g01_c01/score_maps_trajectory.npy,5bd8b0761b2121b7ccaf603538733e3560862dc49aabfd938fd176e825623d86,125,14,data/ucf101_rescue/UCF-101/BalanceBeam/v_BalanceBeam_g01_c01.avi
BalanceBeam_v_BalanceBeam_g01_c01,BalanceBeam,trajectory,1,extended_evidence_suite_20260906/E1_trajectory_scores/seed_1/BalanceBeam_v_BalanceBeam_g01_c01/score_maps_trajectory.npy,0497819432df1b7c9cd5a4adfd0e2e541daafdf55aa3ed56915cebb2dd06db88,125,14,data/ucf101_rescue/UCF-101/BalanceBeam/v_BalanceBeam_g01_c01.avi
BalanceBeam_v_BalanceBeam_g01_c01,BalanceBeam,trajectory,2,extended_evidence_suite_20260906/E1_trajectory_scores/seed_2/BalanceBeam_v_BalanceBeam_g01_c01/score_maps_trajectory.npy,94d4a0f69a5fc8b6b246a7391f5a9c03ce2ff7638496195d46161a530c2b1495,125,14,data/ucf101_rescue/UCF-101/BalanceBeam/v_BalanceBeam_g01_c01.avi
BalanceBeam_v_BalanceBeam_g01_c01,BalanceBeam,trajectory,3,extended_evidence_suite_20260906/E1_trajectory_scores/seed_3/BalanceBeam_v_BalanceBeam_g01_c01/score_maps_trajectory.npy,5aee4d4716b53ad80fc93b82a8d4a2a52f92f2d4d66cc26644742bce11df37c3,125,14,data/ucf101_rescue/UCF-101/BalanceBeam/v_BalanceBeam_g01_c01.avi
BalanceBeam_v_BalanceBeam_g01_c01,BalanceBeam,trajectory,4,extended_evidence_suite_20260906/E1_trajectory_scores/seed_4/BalanceBeam_v_BalanceBeam_g01_c01/score_maps_trajectory.npy,066f1d8a68004f2a3dd89b9e95768dded5314c2773f4b4224da6ff8a67ccc289,125,14,data/ucf101_rescue/UCF-101/BalanceBeam/v_BalanceBeam_g01_c01.avi
BalanceBeam_v_BalanceBeam_g01_c01,BalanceBeam,trajectory,5,extended_evidence_suite_20260906/E1_trajectory_scores/seed_5/BalanceBeam_v_BalanceBeam_g01_c01/score_maps_trajectory.npy,4107efce1b136cf8153c3b932e3b2e7b6efddf64fffdfabaa7b4dd178aad5181,125,14,data/ucf101_rescue/UCF-101/BalanceBeam/v_BalanceBeam_g01_c01.avi
BalanceBeam_v_BalanceBeam_g01_c01,BalanceBeam,trajectory,6,extended_evidence_suite_20260906/E1_trajectory_scores/seed_6/BalanceBeam_v_BalanceBeam_g01_c01/score_maps_trajectory.npy,d8a77dd6a763d96543db5fb9eb1c4c650d2e90226490910d625d391b977f7d9d,125,14,data/ucf101_rescue/UCF-101/BalanceBeam/v_BalanceBeam_g01_c01.avi
BalanceBeam_v_BalanceBeam_g01_c01,BalanceBeam,trajectory,7,extended_evidence_suite_20260906/E1_trajectory_scores/seed_7/BalanceBeam_v_BalanceBeam_g01_c01/score_maps_trajectory.npy,96f4963e5e990f3b0cec7c623ec389ea7f1c0450e61dbe7fbd7dda2e9635d0e3,125,14,data/ucf101_rescue/UCF-101/BalanceBeam/v_BalanceBeam_g01_c01.avi
BalanceBeam_v_BalanceBeam_g01_c01,BalanceBeam,trajectory,8,extended_evidence_suite_20260906/E1_trajectory_scores/seed_8/BalanceBeam_v_BalanceBeam_g01_c01/score_maps_trajectory.npy,3e2037b055d1bb3204b5962a80e7f1c21ea9a54086e19c27e38f8d1b08509534,125,14,data/ucf101_rescue/UCF-101/BalanceBeam/v_BalanceBeam_g01_c01.avi
BalanceBeam_v_BalanceBeam_g01_c01,BalanceBeam,trajectory,42,extended_evidence_suite_20260906/E1_trajectory_scores/seed_42/BalanceBeam_v_BalanceBeam_g01_c01/score_maps_trajectory.npy,273976a8733cbb9825bf58349c17fbc56d4558a0b9208cb79b093f94dd9b64c0,125,14,data/ucf101_rescue/UCF-101/BalanceBeam/v_BalanceBeam_g01_c01.avi
BalanceBeam_v_BalanceBeam_g02_c01,BalanceBeam,trajectory,0,extended_evidence_suite_20260906/E1_trajectory_scores/seed_0/BalanceBeam_v_BalanceBeam_g02_c01/score_maps_trajectory.npy,6412216033d0ea2f8bfb1b34b2594584513cbe126264f528a7c72643567942b3,82,14,data/ucf101_rescue/UCF-101/BalanceBeam/v_BalanceBeam_g02_c01.avi
BalanceBeam_v_BalanceBeam_g02_c01,BalanceBeam,trajectory,1,extended_evidence_suite_20260906/E1_trajectory_scores/seed_1/BalanceBeam_v_BalanceBeam_g02_c01/score_maps_trajectory.npy,af0014b79d3b65da234fbfbe5fc453a01ce7e6f94a4807821be9730fdf424149,82,14,data/ucf101_rescue/UCF-101/BalanceBeam/v_BalanceBeam_g02_c01.avi
BalanceBeam_v_BalanceBeam_g02_c01,BalanceBeam,trajectory,2,extended_evidence_suite_20260906/E1_trajectory_scores/seed_2/BalanceBeam_v_BalanceBeam_g02_c01/score_maps_trajectory.npy,900fbbcbbc35dc4220535b9e06689388575c19c678270ea6bccb318d41df5606,82,14,data/ucf101_rescue/UCF-101/BalanceBeam/v_BalanceBeam_g02_c01.avi
BalanceBeam_v_BalanceBeam_g02_c01,BalanceBeam,trajectory,3,extended_evidence_suite_20260906/E1_trajectory_scores/seed_3/BalanceBeam_v_BalanceBeam_g02_c01/score_maps_trajectory.npy,c8547d98a1fc740c7bb74dc6fdb6e16fc489f25529bf4b169db11b88e518e7d9,82,14,data/ucf101_rescue/UCF-101/BalanceBeam/v_BalanceBeam_g02_c01.avi
BalanceBeam_v_BalanceBeam_g02_c01,BalanceBeam,trajectory,4,extended_evidence_suite_20260906/E1_trajectory_scores/seed_4/BalanceBeam_v_BalanceBeam_g02_c01/score_maps_trajectory.npy,31ec5109739925e706dc4957bb68b1197794dbd07a038fb9dd05c7fc87b4ab23,82,14,data/ucf101_rescue/UCF-101/BalanceBeam/v_BalanceBeam_g02_c01.avi
BalanceBeam_v_BalanceBeam_g02_c01,BalanceBeam,trajectory,5,extended_evidence_suite_20260906/E1_trajectory_scores/seed_5/BalanceBeam_v_BalanceBeam_g02_c01/score_maps_trajectory.npy,904c5af7438c56d79fed556cc63ea6c43f2bf4cc6ee6977fbc459e61e7a8a36a,82,14,data/ucf101_rescue/UCF-101/BalanceBeam/v_BalanceBeam_g02_c01.avi
BalanceBeam_v_BalanceBeam_g02_c01,BalanceBeam,trajectory,6,extended_evidence_suite_20260906/E1_trajectory_scores/seed_6/BalanceBeam_v_BalanceBeam_g02_c01/score_maps_trajectory.npy,717bdca3bcf9b201f6cfed24f6987e3be64d1c10f1e8eaa6011ad897dd08f62c,82,14,data/ucf101_rescue/UCF-101/BalanceBeam/v_BalanceBeam_g02_c01.avi
BalanceBeam_v_BalanceBeam_g02_c01,BalanceBeam,trajectory,7,extended_evidence_suite_20260906/E1_trajectory_scores/seed_7/BalanceBeam_v_BalanceBeam_g02_c01/score_maps_trajectory.npy,0af012461546dd7dffa11daefe579d69230f51f663617f226453cbd71f0bebf7,82,14,data/ucf101_rescue/UCF-101/BalanceBeam/v_BalanceBeam_g02_c01.avi
BalanceBeam_v_BalanceBeam_g02_c01,BalanceBeam,trajectory,8,extended_evidence_suite_20260906/E1_trajectory_scores/seed_8/BalanceBeam_v_BalanceBeam_g02_c01/score_maps_trajectory.npy,4eeeb2fb75cf5c80d9dcb83659bc1c5fddfde39d36e0d916d5f4bad5dea5e730,82,14,data/ucf101_rescue/UCF-101/BalanceBeam/v_BalanceBeam_g02_c01.avi
BalanceBeam_v_BalanceBeam_g02_c01,BalanceBeam,trajectory,42,extended_evidence_suite_20260906/E1_trajectory_scores/seed_42/BalanceBeam_v_BalanceBeam_g02_c01/score_maps_trajectory.npy,ccc776ee562632f0f1f857838012229c89b26c798859050fde257ca6bb60588d,82,14,data/ucf101_rescue/UCF-101/BalanceBeam/v_BalanceBeam_g02_c01.avi
BalanceBeam_v_BalanceBeam_g03_c01,BalanceBeam,trajectory,0,extended_evidence_suite_20260906/E1_trajectory_scores/seed_0/BalanceBeam_v_BalanceBeam_g03_c01/score_maps_trajectory.npy,24afaf444173b9f420976b91ca011658560993e58bb6f63ebec3b90f6c0aa527,197,14,data/ucf101_rescue/UCF-101/BalanceBeam/v_BalanceBeam_g03_c01.avi
BalanceBeam_v_BalanceBeam_g03_c01,BalanceBeam,trajectory,1,extended_evidence_suite_20260906/E1_trajectory_scores/seed_1/BalanceBeam_v_BalanceBeam_g03_c01/score_maps_trajectory.npy,89078f59a2f73d8983276e7f07f5afa91c4cdd51c394393d3e3be35750f888f7,197,14,data/ucf101_rescue/UCF-101/BalanceBeam/v_BalanceBeam_g03_c01.avi
BalanceBeam_v_BalanceBeam_g03_c01,BalanceBeam,trajectory,2,extended_evidence_suite_20260906/E1_trajectory_scores/seed_2/BalanceBeam_v_BalanceBeam_g03_c01/score_maps_trajectory.npy,9efeec9adca9f22e7258ddcca4c0529a20a6376a843b520ce8fe3cc9cc9709cc,197,14,data/ucf101_rescue/UCF-101/BalanceBeam/v_BalanceBeam_g03_c01.avi
BalanceBeam_v_BalanceBeam_g03_c01,BalanceBeam,trajectory,3,extended_evidence_suite_20260906/E1_trajectory_scores/seed_3/BalanceBeam_v_BalanceBeam_g03_c01/score_maps_trajectory.npy,6a5771361f0a95cc59cdb912d10a54da5f8976a0ff5a2283006dc9ad53b30ee7,197,14,data/ucf101_rescue/UCF-101/BalanceBeam/v_BalanceBeam_g03_c01.avi
BalanceBeam_v_BalanceBeam_g03_c01,BalanceBeam,trajectory,4,extended_evidence_suite_20260906/E1_trajectory_scores/seed_4/BalanceBeam_v_BalanceBeam_g03_c01/score_maps_trajectory.npy,55b8af67238b0294845b164ad6c04eb99a8e7a3ea5122773e84cb71e2ce42e7a,197,14,data/ucf101_rescue/UCF-101/BalanceBeam/v_BalanceBeam_g03_c01.avi
BalanceBeam_v_BalanceBeam_g03_c01,BalanceBeam,trajectory,5,extended_evidence_suite_20260906/E1_trajectory_scores/seed_5/BalanceBeam_v_BalanceBeam_g03_c01/score_maps_trajectory.npy,734d6910ca907a7c5999a63f490e2eb09155615cd17fb93aee66b0852d236a25,197,14,data/ucf101_rescue/UCF-101/BalanceBeam/v_BalanceBeam_g03_c01.avi
BalanceBeam_v_BalanceBeam_g03_c01,BalanceBeam,trajectory,6,extended_evidence_suite_20260906/E1_trajectory_scores/seed_6/BalanceBeam_v_BalanceBeam_g03_c01/score_maps_trajectory.npy,736744ce7dbc7f4380bf271953644762474cd0e43c6c3583ebdca91842c0ade9,197,14,data/ucf101_rescue/UCF-101/BalanceBeam/v_BalanceBeam_g03_c01.avi
BalanceBeam_v_BalanceBeam_g03_c01,BalanceBeam,trajectory,7,extended_evidence_suite_20260906/E1_trajectory_scores/seed_7/BalanceBeam_v_BalanceBeam_g03_c01/score_maps_trajectory.npy,60cbe9f2880bf0e1b854243b7def156dfd802e9e23b06cccbb6e5acbb4237e9f,197,14,data/ucf101_rescue/UCF-101/BalanceBeam/v_BalanceBeam_g03_c01.avi
BalanceBeam_v_BalanceBeam_g03_c01,BalanceBeam,trajectory,8,extended_evidence_suite_20260906/E1_trajectory_scores/seed_8/BalanceBeam_v_BalanceBeam_g03_c01/score_maps_trajectory.npy,823f585f7c5a03995793c106b4721558b77e549bf41dba036122ac0a769b151c,197,14,data/ucf101_rescue/UCF-101/BalanceBeam/v_BalanceBeam_g03_c01.avi
BalanceBeam_v_BalanceBeam_g03_c01,BalanceBeam,trajectory,42,extended_evidence_suite_20260906/E1_trajectory_scores/seed_42/BalanceBeam_v_BalanceBeam_g03_c01/score_maps_trajectory.npy,7a76857330a6aab613484025bd3b1e5f61fdd1c87ccfd3a1fe7fc9506e141f21,197,14,data/ucf101_rescue/UCF-101/BalanceBeam/v_BalanceBeam_g03_c01.avi
BalanceBeam_v_BalanceBeam_g10_c03,BalanceBeam,trajectory,0,extended_evidence_suite_20260906/E1_trajectory_scores/seed_0/BalanceBeam_v_BalanceBeam_g10_c03/score_maps_trajectory.npy,921f9ba0a8e0dfb1db5036e9c74f2e1e99cb11948e0fbdf99b42a2dc200862e8,105,14,data/ucf101_rescue/UCF-101/BalanceBeam/v_BalanceBeam_g10_c03.avi
BalanceBeam_v_BalanceBeam_g10_c03,BalanceBeam,trajectory,1,extended_evidence_suite_20260906/E1_trajectory_scores/seed_1/BalanceBeam_v_BalanceBeam_g10_c03/score_maps_trajectory.npy,a365201326712cfff65ea421f2e809e5cf71bba451e6faf437c5f4d08cb1a6b0,105,14,data/ucf101_rescue/UCF-101/BalanceBeam/v_BalanceBeam_g10_c03.avi
BalanceBeam_v_BalanceBeam_g10_c03,BalanceBeam,trajectory,2,extended_evidence_suite_20260906/E1_trajectory_scores/seed_2/BalanceBeam_v_BalanceBeam_g10_c03/score_maps_trajectory.npy,d3cf74b478ee097315a4673a0eb18b1641ca59d6ac79981bfced76602f4217ab,105,14,data/ucf101_rescue/UCF-101/BalanceBeam/v_BalanceBeam_g10_c03.avi
BalanceBeam_v_BalanceBeam_g10_c03,BalanceBeam,trajectory,3,extended_evidence_suite_20260906/E1_trajectory_scores/seed_3/BalanceBeam_v_BalanceBeam_g10_c03/score_maps_trajectory.npy,95f528a21ba5d878bbc55d325cf084f1af5c99f330d926d5f339648dac1a2ba8,105,14,data/ucf101_rescue/UCF-101/BalanceBeam/v_BalanceBeam_g10_c03.avi
BalanceBeam_v_BalanceBeam_g10_c03,BalanceBeam,trajectory,4,extended_evidence_suite_20260906/E1_trajectory_scores/seed_4/BalanceBeam_v_BalanceBeam_g10_c03/score_maps_trajectory.npy,507a8a5721911158607f256abf8185ecf15c31322499c2356fe979e54f0ccfd7,105,14,data/ucf101_rescue/UCF-101/BalanceBeam/v_BalanceBeam_g10_c03.avi
BalanceBeam_v_BalanceBeam_g10_c03,BalanceBeam,trajectory,5,extended_evidence_suite_20260906/E1_trajectory_scores/seed_5/BalanceBeam_v_BalanceBeam_g10_c03/score_maps_trajectory.npy,5d4b09e498fd1f605b8edfdc4cb4f589c82c3bcd16663a8b18f6cc8424087aea,105,14,data/ucf101_rescue/UCF-101/BalanceBeam/v_BalanceBeam_g10_c03.avi
BalanceBeam_v_BalanceBeam_g10_c03,BalanceBeam,trajectory,6,extended_evidence_suite_20260906/E1_trajectory_scores/seed_6/BalanceBeam_v_BalanceBeam_g10_c03/score_maps_trajectory.npy,8d6b373b7b1b0b11bff66ed36bfe2f8b52bcd9bf25b4202463a3ca7992bbc210,105,14,data/ucf101_rescue/UCF-101/BalanceBeam/v_BalanceBeam_g10_c03.avi
BalanceBeam_v_BalanceBeam_g10_c03,BalanceBeam,trajectory,7,extended_evidence_suite_20260906/E1_trajectory_scores/seed_7/BalanceBeam_v_BalanceBeam_g10_c03/score_maps_trajectory.npy,8202e68f3c0d13b7cda0d42a33b574099e9e17e12a73f6ffa40a96b8d4973df7,105,14,data/ucf101_rescue/UCF-101/BalanceBeam/v_BalanceBeam_g10_c03.avi
BalanceBeam_v_BalanceBeam_g10_c03,BalanceBeam,trajectory,8,extended_evidence_suite_20260906/E1_trajectory_scores/seed_8/BalanceBeam_v_BalanceBeam_g10_c03/score_maps_trajectory.npy,1d37154636b7ca165f3d00952685c3e0434500d33fbb3b437bc7e8bb0780909c,105,14,data/ucf101_rescue/UCF-101/BalanceBeam/v_BalanceBeam_g10_c03.avi
BalanceBeam_v_BalanceBeam_g10_c03,BalanceBeam,trajectory,42,extended_evidence_suite_20260906/E1_trajectory_scores/seed_42/BalanceBeam_v_BalanceBeam_g10_c03/score_maps_trajectory.npy,4f4a71a1ef96146766aadcb7cee5352c7123336b90663c33a32865b189d8416a,105,14,data/ucf101_rescue/UCF-101/BalanceBeam/v_BalanceBeam_g10_c03.avi
Basketball_v_Basketball_g01_c01,Basketball,trajectory,0,extended_evidence_suite_20260906/E1_trajectory_scores/seed_0/Basketball_v_Basketball_g01_c01/score_maps_trajectory.npy,86e7ef5a53333563f9d2f5beea7a1dc9e8ccd52ce5da0925faf17451ca918329,141,14,data/ucf101_rescue/UCF-101/Basketball/v_Basketball_g01_c01.avi
Basketball_v_Basketball_g01_c01,Basketball,trajectory,1,extended_evidence_suite_20260906/E1_trajectory_scores/seed_1/Basketball_v_Basketball_g01_c01/score_maps_trajectory.npy,a9ed902dcf25f90b79c3369ae610d65da81eb826a2424ae3f116e9679428e668,141,14,data/ucf101_rescue/UCF-101/Basketball/v_Basketball_g01_c01.avi
Basketball_v_Basketball_g01_c01,Basketball,trajectory,2,extended_evidence_suite_20260906/E1_trajectory_scores/seed_2/Basketball_v_Basketball_g01_c01/score_maps_trajectory.npy,75a973673f360d670133380703be79f07dd3394802a2331d8a262f0945955e45,141,14,data/ucf101_rescue/UCF-101/Basketball/v_Basketball_g01_c01.avi
Basketball_v_Basketball_g01_c01,Basketball,trajectory,3,extended_evidence_suite_20260906/E1_trajectory_scores/seed_3/Basketball_v_Basketball_g01_c01/score_maps_trajectory.npy,61caaf7077ace2fde1dd295ceabe532ebe183705aa220190e340d64f9501d9c4,141,14,data/ucf101_rescue/UCF-101/Basketball/v_Basketball_g01_c01.avi
Basketball_v_Basketball_g01_c01,Basketball,trajectory,4,extended_evidence_suite_20260906/E1_trajectory_scores/seed_4/Basketball_v_Basketball_g01_c01/score_maps_trajectory.npy,09bdcaf3a8cf00df6afe2579419d2c55b386ab53ff264e59ae366c9735eb477c,141,14,data/ucf101_rescue/UCF-101/Basketball/v_Basketball_g01_c01.avi
Basketball_v_Basketball_g01_c01,Basketball,trajectory,5,extended_evidence_suite_20260906/E1_trajectory_scores/seed_5/Basketball_v_Basketball_g01_c01/score_maps_trajectory.npy,8560a492fe906cb8425657744bf68c007fd1c8a8eaa95c55316618e5a8c594e1,141,14,data/ucf101_rescue/UCF-101/Basketball/v_Basketball_g01_c01.avi
Basketball_v_Basketball_g01_c01,Basketball,trajectory,6,extended_evidence_suite_20260906/E1_trajectory_scores/seed_6/Basketball_v_Basketball_g01_c01/score_maps_trajectory.npy,e91005cf46cea43c33ab3e0fceafdcec8d773bf5913809dbec9072801323c627,141,14,data/ucf101_rescue/UCF-101/Basketball/v_Basketball_g01_c01.avi
Basketball_v_Basketball_g01_c01,Basketball,trajectory,7,extended_evidence_suite_20260906/E1_trajectory_scores/seed_7/Basketball_v_Basketball_g01_c01/score_maps_trajectory.npy,cb92575d087a6910bb4319a9928fa3f19c7d7b83c27b197c558d6ba80ab1e0c3,141,14,data/ucf101_rescue/UCF-101/Basketball/v_Basketball_g01_c01.avi
Basketball_v_Basketball_g01_c01,Basketball,trajectory,8,extended_evidence_suite_20260906/E1_trajectory_scores/seed_8/Basketball_v_Basketball_g01_c01/score_maps_trajectory.npy,2c4223b4e3bd336174b60a9f53ea0da233c483cadc6f2368a38bddf37ec67942,141,14,data/ucf101_rescue/UCF-101/Basketball/v_Basketball_g01_c01.avi
Basketball_v_Basketball_g01_c01,Basketball,trajectory,42,extended_evidence_suite_20260906/E1_trajectory_scores/seed_42/Basketball_v_Basketball_g01_c01/score_maps_trajectory.npy,f4e2be01961080f9e23781261ad34a3cb7c4c839a322ecc0c9ee2add0fbeba24,141,14,data/ucf101_rescue/UCF-101/Basketball/v_Basketball_g01_c01.avi
Basketball_v_Basketball_g02_c01,Basketball,trajectory,0,extended_evidence_suite_20260906/E1_trajectory_scores/seed_0/Basketball_v_Basketball_g02_c01/score_maps_trajectory.npy,d5297f064d523b29236687925ddc7b788863941361a4f7b7a99ede2a51cd29f3,53,14,data/ucf101_rescue/UCF-101/Basketball/v_Basketball_g02_c01.avi
Basketball_v_Basketball_g02_c01,Basketball,trajectory,1,extended_evidence_suite_20260906/E1_trajectory_scores/seed_1/Basketball_v_Basketball_g02_c01/score_maps_trajectory.npy,a00a67fb932435d268fa96541c3476d3c77bb508202a9c522675cd148e466c5d,53,14,data/ucf101_rescue/UCF-101/Basketball/v_Basketball_g02_c01.avi
Basketball_v_Basketball_g02_c01,Basketball,trajectory,2,extended_evidence_suite_20260906/E1_trajectory_scores/seed_2/Basketball_v_Basketball_g02_c01/score_maps_trajectory.npy,8fb3adf03f96453cdeed7f10ee1976e257f0a599cdb20710487d5b6e67294047,53,14,data/ucf101_rescue/UCF-101/Basketball/v_Basketball_g02_c01.avi
Basketball_v_Basketball_g02_c01,Basketball,trajectory,3,extended_evidence_suite_20260906/E1_trajectory_scores/seed_3/Basketball_v_Basketball_g02_c01/score_maps_trajectory.npy,c53204859bdc4661f812012b38f0c3221ad2cae040200a52ca6145f9d2e662cd,53,14,data/ucf101_rescue/UCF-101/Basketball/v_Basketball_g02_c01.avi
Basketball_v_Basketball_g02_c01,Basketball,trajectory,4,extended_evidence_suite_20260906/E1_trajectory_scores/seed_4/Basketball_v_Basketball_g02_c01/score_maps_trajectory.npy,cf6f4607183db24e9dcb1dd648c0042242fae821f22b9e487271dde34056a1fa,53,14,data/ucf101_rescue/UCF-101/Basketball/v_Basketball_g02_c01.avi
Basketball_v_Basketball_g02_c01,Basketball,trajectory,5,extended_evidence_suite_20260906/E1_trajectory_scores/seed_5/Basketball_v_Basketball_g02_c01/score_maps_trajectory.npy,8b8ca15f8621f78b4a4625a7713467e88bf99b7bde19579fe0140b137d547c58,53,14,data/ucf101_rescue/UCF-101/Basketball/v_Basketball_g02_c01.avi
Basketball_v_Basketball_g02_c01,Basketball,trajectory,6,extended_evidence_suite_20260906/E1_trajectory_scores/seed_6/Basketball_v_Basketball_g02_c01/score_maps_trajectory.npy,c75fe6e971faa11eb6f9e59ca5eb05b07bc1cb4450cc3979eb3f86f1a1b78967,53,14,data/ucf101_rescue/UCF-101/Basketball/v_Basketball_g02_c01.avi
Basketball_v_Basketball_g02_c01,Basketball,trajectory,7,extended_evidence_suite_20260906/E1_trajectory_scores/seed_7/Basketball_v_Basketball_g02_c01/score_maps_trajectory.npy,9a43d6087291fb1ee7469ddeac7fd893b1e2cb6ede19804b503a6dba91af6fb8,53,14,data/ucf101_rescue/UCF-101/Basketball/v_Basketball_g02_c01.avi
Basketball_v_Basketball_g02_c01,Basketball,trajectory,8,extended_evidence_suite_20260906/E1_trajectory_scores/seed_8/Basketball_v_Basketball_g02_c01/score_maps_trajectory.npy,b97bd8375b7eb35a43a331bd5bd9f548b5fffde8539cf21f080a282c62845f00,53,14,data/ucf101_rescue/UCF-101/Basketball/v_Basketball_g02_c01.avi
Basketball_v_Basketball_g02_c01,Basketball,trajectory,42,extended_evidence_suite_20260906/E1_trajectory_scores/seed_42/Basketball_v_Basketball_g02_c01/score_maps_trajectory.npy,3455b0b4f1b4a5011bb45ebe6354b57ab0a51409a1753f2df3073bfb13c760b6,53,14,data/ucf101_rescue/UCF-101/Basketball/v_Basketball_g02_c01.avi
Basketball_v_Basketball_g03_c01,Basketball,trajectory,0,extended_evidence_suite_20260906/E1_trajectory_scores/seed_0/Basketball_v_Basketball_g03_c01/score_maps_trajectory.npy,07735b7b60e46e6b4ecac0bdbe7de29c84027d7bd07767b24f0cd698fe0f5dad,138,14,data/ucf101_rescue/UCF-101/Basketball/v_Basketball_g03_c01.avi
Basketball_v_Basketball_g03_c01,Basketball,trajectory,1,extended_evidence_suite_20260906/E1_trajectory_scores/seed_1/Basketball_v_Basketball_g03_c01/score_maps_trajectory.npy,d136d8d1277d5adb6cd3ed2a4cde15d02413359dc84bd542b967a45029d1f523,138,14,data/ucf101_rescue/UCF-101/Basketball/v_Basketball_g03_c01.avi
Basketball_v_Basketball_g03_c01,Basketball,trajectory,2,extended_evidence_suite_20260906/E1_trajectory_scores/seed_2/Basketball_v_Basketball_g03_c01/score_maps_trajectory.npy,5c39ceea96632cc455c45698a91b49d7bf60f09c17365c74fcf76a3a0b548117,138,14,data/ucf101_rescue/UCF-101/Basketball/v_Basketball_g03_c01.avi
Basketball_v_Basketball_g03_c01,Basketball,trajectory,3,extended_evidence_suite_20260906/E1_trajectory_scores/seed_3/Basketball_v_Basketball_g03_c01/score_maps_trajectory.npy,2457edc3863a6a4904ba60bd84625ea7448a8df43c4b68c84ff3a9821371bec4,138,14,data/ucf101_rescue/UCF-101/Basketball/v_Basketball_g03_c01.avi
Basketball_v_Basketball_g03_c01,Basketball,trajectory,4,extended_evidence_suite_20260906/E1_trajectory_scores/seed_4/Basketball_v_Basketball_g03_c01/score_maps_trajectory.npy,d555e5ad142802f574c49ec698958a68959345c028701571148103011d927bca,138,14,data/ucf101_rescue/UCF-101/Basketball/v_Basketball_g03_c01.avi
Basketball_v_Basketball_g03_c01,Basketball,trajectory,5,extended_evidence_suite_20260906/E1_trajectory_scores/seed_5/Basketball_v_Basketball_g03_c01/score_maps_trajectory.npy,0ef86f8b52cb2c74eafe3283b13ff4fc4da7bb0802275740231bca45060b1394,138,14,data/ucf101_rescue/UCF-101/Basketball/v_Basketball_g03_c01.avi
Basketball_v_Basketball_g03_c01,Basketball,trajectory,6,extended_evidence_suite_20260906/E1_trajectory_scores/seed_6/Basketball_v_Basketball_g03_c01/score_maps_trajectory.npy,69985125b3436c516c8044bdf5292fc12ef3de2d0d15ea1a81ef186c6929ea58,138,14,data/ucf101_rescue/UCF-101/Basketball/v_Basketball_g03_c01.avi
Basketball_v_Basketball_g03_c01,Basketball,trajectory,7,extended_evidence_suite_20260906/E1_trajectory_scores/seed_7/Basketball_v_Basketball_g03_c01/score_maps_trajectory.npy,beaadde31e47b43622e78515d5f06e383040aa5590f74c645909fe3a15870600,138,14,data/ucf101_rescue/UCF-101/Basketball/v_Basketball_g03_c01.avi
Basketball_v_Basketball_g03_c01,Basketball,trajectory,8,extended_evidence_suite_20260906/E1_trajectory_scores/seed_8/Basketball_v_Basketball_g03_c01/score_maps_trajectory.npy,5b025c62eb9980352291bd02a583d3f4ecf3ae68db5fd058fe302d106c1d0988,138,14,data/ucf101_rescue/UCF-101/Basketball/v_Basketball_g03_c01.avi
Basketball_v_Basketball_g03_c01,Basketball,trajectory,42,extended_evidence_suite_20260906/E1_trajectory_scores/seed_42/Basketball_v_Basketball_g03_c01/score_maps_trajectory.npy,3e661d80f36984055f795d33a84c7c75ff025ac178392f8cea780d53f23acfd5,138,14,data/ucf101_rescue/UCF-101/Basketball/v_Basketball_g03_c01.avi
Basketball_v_Basketball_g04_c01,Basketball,trajectory,0,extended_evidence_suite_20260906/E1_trajectory_scores/seed_0/Basketball_v_Basketball_g04_c01/score_maps_trajectory.npy,1a06c74f15d3e2082dac6039680d0ca4cb75cb7eab6d671759470054762f9629,109,14,data/ucf101_rescue/UCF-101/Basketball/v_Basketball_g04_c01.avi
Basketball_v_Basketball_g04_c01,Basketball,trajectory,1,extended_evidence_suite_20260906/E1_trajectory_scores/seed_1/Basketball_v_Basketball_g04_c01/score_maps_trajectory.npy,59521d1d23487ee219a134c911126446ff96e1224cc5c857e99491d40a9cf038,109,14,data/ucf101_rescue/UCF-101/Basketball/v_Basketball_g04_c01.avi
Basketball_v_Basketball_g04_c01,Basketball,trajectory,2,extended_evidence_suite_20260906/E1_trajectory_scores/seed_2/Basketball_v_Basketball_g04_c01/score_maps_trajectory.npy,ecb77fe29c121544ce58d676770589534b304afe8143da803130235d9dcf7290,109,14,data/ucf101_rescue/UCF-101/Basketball/v_Basketball_g04_c01.avi
Basketball_v_Basketball_g04_c01,Basketball,trajectory,3,extended_evidence_suite_20260906/E1_trajectory_scores/seed_3/Basketball_v_Basketball_g04_c01/score_maps_trajectory.npy,092215d0fdb6dcf1068236137bb89e81a951211c6c4286f2db492fd89213b34d,109,14,data/ucf101_rescue/UCF-101/Basketball/v_Basketball_g04_c01.avi
Basketball_v_Basketball_g04_c01,Basketball,trajectory,4,extended_evidence_suite_20260906/E1_trajectory_scores/seed_4/Basketball_v_Basketball_g04_c01/score_maps_trajectory.npy,14f4483a6b826e82fb7cc2c47331e8bf801b5d3bb33376502e5ab76389ef122c,109,14,data/ucf101_rescue/UCF-101/Basketball/v_Basketball_g04_c01.avi
Basketball_v_Basketball_g04_c01,Basketball,trajectory,5,extended_evidence_suite_20260906/E1_trajectory_scores/seed_5/Basketball_v_Basketball_g04_c01/score_maps_trajectory.npy,f1c80a6b6c7b1458552cc5b8dc36b50f4211ecc20c5212f6aaeb8b504015f0b4,109,14,data/ucf101_rescue/UCF-101/Basketball/v_Basketball_g04_c01.avi
Basketball_v_Basketball_g04_c01,Basketball,trajectory,6,extended_evidence_suite_20260906/E1_trajectory_scores/seed_6/Basketball_v_Basketball_g04_c01/score_maps_trajectory.npy,650378c5d4d21c4984d6603ba402c8bb01f65016ff5580493f0e49222bb37485,109,14,data/ucf101_rescue/UCF-101/Basketball/v_Basketball_g04_c01.avi
Basketball_v_Basketball_g04_c01,Basketball,trajectory,7,extended_evidence_suite_20260906/E1_trajectory_scores/seed_7/Basketball_v_Basketball_g04_c01/score_maps_trajectory.npy,9f1224166bef711b0cf85aaf9c9e02b1f79708a187d40b9b08ac52ec44d32ebe,109,14,data/ucf101_rescue/UCF-101/Basketball/v_Basketball_g04_c01.avi
Basketball_v_Basketball_g04_c01,Basketball,trajectory,8,extended_evidence_suite_20260906/E1_trajectory_scores/seed_8/Basketball_v_Basketball_g04_c01/score_maps_trajectory.npy,81dc460c8f026925a427e945a4520fb691d7d167e84d100d56230c135604b800,109,14,data/ucf101_rescue/UCF-101/Basketball/v_Basketball_g04_c01.avi
Basketball_v_Basketball_g04_c01,Basketball,trajectory,42,extended_evidence_suite_20260906/E1_trajectory_scores/seed_42/Basketball_v_Basketball_g04_c01/score_maps_trajectory.npy,d673facf91fcb112599a39112dee810e64121b193cc33c0bc168000b09cd6184,109,14,data/ucf101_rescue/UCF-101/Basketball/v_Basketball_g04_c01.avi
Biking_v_Biking_g01_c01,Biking,trajectory,0,extended_evidence_suite_20260906/E1_trajectory_scores/seed_0/Biking_v_Biking_g01_c01/score_maps_trajectory.npy,ac37d7de4837af71749a7b2619d4b08a3f79ead39a30a8d8321a90453e8798f4,151,14,data/ucf101_rescue/UCF-101/Biking/v_Biking_g01_c01.avi
Biking_v_Biking_g01_c01,Biking,trajectory,1,extended_evidence_suite_20260906/E1_trajectory_scores/seed_1/Biking_v_Biking_g01_c01/score_maps_trajectory.npy,4d7709fa12ad59c366e9bc41e339f3a518fbfc2966b1ec875e1003ba7258c6de,151,14,data/ucf101_rescue/UCF-101/Biking/v_Biking_g01_c01.avi
Biking_v_Biking_g01_c01,Biking,trajectory,2,extended_evidence_suite_20260906/E1_trajectory_scores/seed_2/Biking_v_Biking_g01_c01/score_maps_trajectory.npy,a7a2eae69df279e1856c79a9f8bf83b38077df334436cb7886ee0cb0a43beea5,151,14,data/ucf101_rescue/UCF-101/Biking/v_Biking_g01_c01.avi
Biking_v_Biking_g01_c01,Biking,trajectory,3,extended_evidence_suite_20260906/E1_trajectory_scores/seed_3/Biking_v_Biking_g01_c01/score_maps_trajectory.npy,2a90430a3e70dfa774fa247fcbb8aa7bf4272b5098a45c12c84ac49caf7c1391,151,14,data/ucf101_rescue/UCF-101/Biking/v_Biking_g01_c01.avi
Biking_v_Biking_g01_c01,Biking,trajectory,4,extended_evidence_suite_20260906/E1_trajectory_scores/seed_4/Biking_v_Biking_g01_c01/score_maps_trajectory.npy,f0748dce1604a47f95caf60f7d410d3e3c19ee68cdea0dc26b6578d44d0e484a,151,14,data/ucf101_rescue/UCF-101/Biking/v_Biking_g01_c01.avi
Biking_v_Biking_g01_c01,Biking,trajectory,5,extended_evidence_suite_20260906/E1_trajectory_scores/seed_5/Biking_v_Biking_g01_c01/score_maps_trajectory.npy,9bbc0126bf86783c88e1483ae90cfa5bb15356078c7e1ea3991e60c88cfa6aec,151,14,data/ucf101_rescue/UCF-101/Biking/v_Biking_g01_c01.avi
Biking_v_Biking_g01_c01,Biking,trajectory,6,extended_evidence_suite_20260906/E1_trajectory_scores/seed_6/Biking_v_Biking_g01_c01/score_maps_trajectory.npy,57084088ee7e106f4cd52d54a71a3862605ad4c5dbbd8f2b9ef9e2e9c4ce56cb,151,14,data/ucf101_rescue/UCF-101/Biking/v_Biking_g01_c01.avi
Biking_v_Biking_g01_c01,Biking,trajectory,7,extended_evidence_suite_20260906/E1_trajectory_scores/seed_7/Biking_v_Biking_g01_c01/score_maps_trajectory.npy,1c2622f734d9a1b122caa24417fa2403bfc3409727cea3ef9fabb6f23c87d9b3,151,14,data/ucf101_rescue/UCF-101/Biking/v_Biking_g01_c01.avi
Biking_v_Biking_g01_c01,Biking,trajectory,8,extended_evidence_suite_20260906/E1_trajectory_scores/seed_8/Biking_v_Biking_g01_c01/score_maps_trajectory.npy,8d6cde7e66a61828af2ec0369576fd0099b3f601c231d18b20e3eda73cd03e5b,151,14,data/ucf101_rescue/UCF-101/Biking/v_Biking_g01_c01.avi
Biking_v_Biking_g01_c01,Biking,trajectory,42,extended_evidence_suite_20260906/E1_trajectory_scores/seed_42/Biking_v_Biking_g01_c01/score_maps_trajectory.npy,189e8589177e41c369294a6a407bcea203a801f9c2e7dce13f3511fc27143e56,151,14,data/ucf101_rescue/UCF-101/Biking/v_Biking_g01_c01.avi
Biking_v_Biking_g02_c01,Biking,trajectory,0,extended_evidence_suite_20260906/E1_trajectory_scores/seed_0/Biking_v_Biking_g02_c01/score_maps_trajectory.npy,f63a565e636923f9db757df06d97425fcd9b06a75d71e78ce1c4939c7a2fcb04,240,14,data/ucf101_rescue/UCF-101/Biking/v_Biking_g02_c01.avi
Biking_v_Biking_g02_c01,Biking,trajectory,1,extended_evidence_suite_20260906/E1_trajectory_scores/seed_1/Biking_v_Biking_g02_c01/score_maps_trajectory.npy,7a977bada798e943968d084c12586bcf88704429020c9e50e38ee7f3c7cee997,240,14,data/ucf101_rescue/UCF-101/Biking/v_Biking_g02_c01.avi
Biking_v_Biking_g02_c01,Biking,trajectory,2,extended_evidence_suite_20260906/E1_trajectory_scores/seed_2/Biking_v_Biking_g02_c01/score_maps_trajectory.npy,98137fae4bc96b81dfcd4e28d811895fd6eda0d80d4188ea335f6ee31853c217,240,14,data/ucf101_rescue/UCF-101/Biking/v_Biking_g02_c01.avi
Biking_v_Biking_g02_c01,Biking,trajectory,3,extended_evidence_suite_20260906/E1_trajectory_scores/seed_3/Biking_v_Biking_g02_c01/score_maps_trajectory.npy,cc266fabe2a9f7ec9cfd00782e7ee09462544bb8c9b5a4cdc23bf719c86eb88a,240,14,data/ucf101_rescue/UCF-101/Biking/v_Biking_g02_c01.avi
Biking_v_Biking_g02_c01,Biking,trajectory,4,extended_evidence_suite_20260906/E1_trajectory_scores/seed_4/Biking_v_Biking_g02_c01/score_maps_trajectory.npy,8f13de232e74a3df698ddf38f59fb4afa112021f108003cfbb5bd413511712a3,240,14,data/ucf101_rescue/UCF-101/Biking/v_Biking_g02_c01.avi
Biking_v_Biking_g02_c01,Biking,trajectory,5,extended_evidence_suite_20260906/E1_trajectory_scores/seed_5/Biking_v_Biking_g02_c01/score_maps_trajectory.npy,6d80d323ab4057c654afa4125969bc89c7cedc61e02ca5c102529f246976fd2e,240,14,data/ucf101_rescue/UCF-101/Biking/v_Biking_g02_c01.avi
Biking_v_Biking_g02_c01,Biking,trajectory,6,extended_evidence_suite_20260906/E1_trajectory_scores/seed_6/Biking_v_Biking_g02_c01/score_maps_trajectory.npy,4ff64f7b0dae4a85bb6263ae6a1588aa3d2a737f1fa5bea6ca9598ada12ee0b7,240,14,data/ucf101_rescue/UCF-101/Biking/v_Biking_g02_c01.avi
Biking_v_Biking_g02_c01,Biking,trajectory,7,extended_evidence_suite_20260906/E1_trajectory_scores/seed_7/Biking_v_Biking_g02_c01/score_maps_trajectory.npy,99dbaaee80037b5fb8d3fe6274ffb5ed60e7b801b58ab4f2d065950b438a4c58,240,14,data/ucf101_rescue/UCF-101/Biking/v_Biking_g02_c01.avi
Biking_v_Biking_g02_c01,Biking,trajectory,8,extended_evidence_suite_20260906/E1_trajectory_scores/seed_8/Biking_v_Biking_g02_c01/score_maps_trajectory.npy,6660923980efccd5ac7f3d3ecd83cea1ffe9964dcb6e272d1a44bd28f10888e6,240,14,data/ucf101_rescue/UCF-101/Biking/v_Biking_g02_c01.avi
Biking_v_Biking_g02_c01,Biking,trajectory,42,extended_evidence_suite_20260906/E1_trajectory_scores/seed_42/Biking_v_Biking_g02_c01/score_maps_trajectory.npy,f4786a5659790506843f1e02dc8048faacb8ff23307d7cd7827ef349079dd1bd,240,14,data/ucf101_rescue/UCF-101/Biking/v_Biking_g02_c01.avi
Biking_v_Biking_g03_c01,Biking,trajectory,0,extended_evidence_suite_20260906/E1_trajectory_scores/seed_0/Biking_v_Biking_g03_c01/score_maps_trajectory.npy,7a2652a8c50f6c2ed7314d74c61304055534acc7e5ce9751f6edc5c376e272af,379,14,data/ucf101_rescue/UCF-101/Biking/v_Biking_g03_c01.avi
Biking_v_Biking_g03_c01,Biking,trajectory,1,extended_evidence_suite_20260906/E1_trajectory_scores/seed_1/Biking_v_Biking_g03_c01/score_maps_trajectory.npy,f6faaebb2417d39b6c75eab6887049dbd647b5c922af178ad6de5c4a2538bebb,379,14,data/ucf101_rescue/UCF-101/Biking/v_Biking_g03_c01.avi
Biking_v_Biking_g03_c01,Biking,trajectory,2,extended_evidence_suite_20260906/E1_trajectory_scores/seed_2/Biking_v_Biking_g03_c01/score_maps_trajectory.npy,e2cf1a9b3240a64ae53a944f7ca0829290abdd6b0e4a23ef72fdc6e2b44decb7,379,14,data/ucf101_rescue/UCF-101/Biking/v_Biking_g03_c01.avi
Biking_v_Biking_g03_c01,Biking,trajectory,3,extended_evidence_suite_20260906/E1_trajectory_scores/seed_3/Biking_v_Biking_g03_c01/score_maps_trajectory.npy,3fb7d1622c6ee16d3288aef3f9d9207ace37d96b4b10544793995885addbe2cf,379,14,data/ucf101_rescue/UCF-101/Biking/v_Biking_g03_c01.avi
Biking_v_Biking_g03_c01,Biking,trajectory,4,extended_evidence_suite_20260906/E1_trajectory_scores/seed_4/Biking_v_Biking_g03_c01/score_maps_trajectory.npy,21b9dc21cd3ccc22598448bab12a1bd2a3652f87188e3c8215f67fd15ff7a7a7,379,14,data/ucf101_rescue/UCF-101/Biking/v_Biking_g03_c01.avi
Biking_v_Biking_g03_c01,Biking,trajectory,5,extended_evidence_suite_20260906/E1_trajectory_scores/seed_5/Biking_v_Biking_g03_c01/score_maps_trajectory.npy,228afab4fd98c2bc0a74c791b61a5b2f3b975c86f0fcf5aad735a13e6aad5da6,379,14,data/ucf101_rescue/UCF-101/Biking/v_Biking_g03_c01.avi
Biking_v_Biking_g03_c01,Biking,trajectory,6,extended_evidence_suite_20260906/E1_trajectory_scores/seed_6/Biking_v_Biking_g03_c01/score_maps_trajectory.npy,0f2a4721b3a0f6d5ef6b24d7808c016c81f1641e05285849401662e0595cd827,379,14,data/ucf101_rescue/UCF-101/Biking/v_Biking_g03_c01.avi
Biking_v_Biking_g03_c01,Biking,trajectory,7,extended_evidence_suite_20260906/E1_trajectory_scores/seed_7/Biking_v_Biking_g03_c01/score_maps_trajectory.npy,2358623a0999419c33a6f8221f4a471a987b7aae2f4f318847d59dc9c6ecd5a7,379,14,data/ucf101_rescue/UCF-101/Biking/v_Biking_g03_c01.avi
Biking_v_Biking_g03_c01,Biking,trajectory,8,extended_evidence_suite_20260906/E1_trajectory_scores/seed_8/Biking_v_Biking_g03_c01/score_maps_trajectory.npy,32004d36895b2ee710b8e36eb4a766f4d7e17baa287156b5aa966d7227cdd07c,379,14,data/ucf101_rescue/UCF-101/Biking/v_Biking_g03_c01.avi
Biking_v_Biking_g03_c01,Biking,trajectory,42,extended_evidence_suite_20260906/E1_trajectory_scores/seed_42/Biking_v_Biking_g03_c01/score_maps_trajectory.npy,a178d4d113464af59ffe62814cd1e60f9c6d24fb79cc340c62284780d4a5ba98,379,14,data/ucf101_rescue/UCF-101/Biking/v_Biking_g03_c01.avi
Biking_v_Biking_g04_c01,Biking,trajectory,0,extended_evidence_suite_20260906/E1_trajectory_scores/seed_0/Biking_v_Biking_g04_c01/score_maps_trajectory.npy,623f430c5118dc6f95b8f32ba295ea1365e8a20f6c81f4676200879e041ddf44,240,14,data/ucf101_rescue/UCF-101/Biking/v_Biking_g04_c01.avi
Biking_v_Biking_g04_c01,Biking,trajectory,1,extended_evidence_suite_20260906/E1_trajectory_scores/seed_1/Biking_v_Biking_g04_c01/score_maps_trajectory.npy,7e97bcfbb6ee243aaa202f6038af07ac0682e27edfcc9c0ad40a14d86738dd81,240,14,data/ucf101_rescue/UCF-101/Biking/v_Biking_g04_c01.avi
Biking_v_Biking_g04_c01,Biking,trajectory,2,extended_evidence_suite_20260906/E1_trajectory_scores/seed_2/Biking_v_Biking_g04_c01/score_maps_trajectory.npy,c198fa0892fdf50cca048728ede714a888ede7abae0a5848b1e2f5c7b62bdfdf,240,14,data/ucf101_rescue/UCF-101/Biking/v_Biking_g04_c01.avi
Biking_v_Biking_g04_c01,Biking,trajectory,3,extended_evidence_suite_20260906/E1_trajectory_scores/seed_3/Biking_v_Biking_g04_c01/score_maps_trajectory.npy,b638bb5858901bc642cc0906665724a3e61d32667d143add1e2317a1925739bb,240,14,data/ucf101_rescue/UCF-101/Biking/v_Biking_g04_c01.avi
Biking_v_Biking_g04_c01,Biking,trajectory,4,extended_evidence_suite_20260906/E1_trajectory_scores/seed_4/Biking_v_Biking_g04_c01/score_maps_trajectory.npy,79f3488e42cd76cfd76896ca1d0654c3c944e31c131333bf0c70feabd15cdc75,240,14,data/ucf101_rescue/UCF-101/Biking/v_Biking_g04_c01.avi
Biking_v_Biking_g04_c01,Biking,trajectory,5,extended_evidence_suite_20260906/E1_trajectory_scores/seed_5/Biking_v_Biking_g04_c01/score_maps_trajectory.npy,6ab722ff8037b0be0eced892d6d20bb523be26bc901fb8080e60f1a1fe0c1258,240,14,data/ucf101_rescue/UCF-101/Biking/v_Biking_g04_c01.avi
Biking_v_Biking_g04_c01,Biking,trajectory,6,extended_evidence_suite_20260906/E1_trajectory_scores/seed_6/Biking_v_Biking_g04_c01/score_maps_trajectory.npy,b65b354b9267634e21cc5af7c0257a83c0d9614b291d97a1084e003245fceb61,240,14,data/ucf101_rescue/UCF-101/Biking/v_Biking_g04_c01.avi
Biking_v_Biking_g04_c01,Biking,trajectory,7,extended_evidence_suite_20260906/E1_trajectory_scores/seed_7/Biking_v_Biking_g04_c01/score_maps_trajectory.npy,2b768768ad439adb5f36424dfeed8496c67cc21f24830fcc6236cf4b0ad27b74,240,14,data/ucf101_rescue/UCF-101/Biking/v_Biking_g04_c01.avi
Biking_v_Biking_g04_c01,Biking,trajectory,8,extended_evidence_suite_20260906/E1_trajectory_scores/seed_8/Biking_v_Biking_g04_c01/score_maps_trajectory.npy,f029cab5c78b2f2c33e0eae2e82c654008128fa6c4e3fbef17020809259e83a0,240,14,data/ucf101_rescue/UCF-101/Biking/v_Biking_g04_c01.avi
Biking_v_Biking_g04_c01,Biking,trajectory,42,extended_evidence_suite_20260906/E1_trajectory_scores/seed_42/Biking_v_Biking_g04_c01/score_maps_trajectory.npy,94790b6367d0616aff468ffb936ce58b6b63d2687c580cab10c78b14c7c38ea7,240,14,data/ucf101_rescue/UCF-101/Biking/v_Biking_g04_c01.avi
Diving_v_Diving_g01_c01,Diving,trajectory,0,extended_evidence_suite_20260906/E1_trajectory_scores/seed_0/Diving_v_Diving_g01_c01/score_maps_trajectory.npy,fd1abcea0fadb0b617e1f98a610d153162fad786b3705e99613ea4aced3cd3eb,259,14,data/ucf101_rescue/UCF-101/Diving/v_Diving_g01_c01.avi
Diving_v_Diving_g01_c01,Diving,trajectory,1,extended_evidence_suite_20260906/E1_trajectory_scores/seed_1/Diving_v_Diving_g01_c01/score_maps_trajectory.npy,5f0988018d50a10d570da44ae646c5dbcb51e024a7f8c48e2086e8ac5454ef4d,259,14,data/ucf101_rescue/UCF-101/Diving/v_Diving_g01_c01.avi
Diving_v_Diving_g01_c01,Diving,trajectory,2,extended_evidence_suite_20260906/E1_trajectory_scores/seed_2/Diving_v_Diving_g01_c01/score_maps_trajectory.npy,634d097a9114ba52b7bff5d5030fe3c1683fea7457a7d5b77ecb3bdbc55cb7e4,259,14,data/ucf101_rescue/UCF-101/Diving/v_Diving_g01_c01.avi
Diving_v_Diving_g01_c01,Diving,trajectory,3,extended_evidence_suite_20260906/E1_trajectory_scores/seed_3/Diving_v_Diving_g01_c01/score_maps_trajectory.npy,e72e9a0b8a0e9e4e8850a5845e7fcdc5ab593be9095cb7f36193f4499137605a,259,14,data/ucf101_rescue/UCF-101/Diving/v_Diving_g01_c01.avi
Diving_v_Diving_g01_c01,Diving,trajectory,4,extended_evidence_suite_20260906/E1_trajectory_scores/seed_4/Diving_v_Diving_g01_c01/score_maps_trajectory.npy,58ca2c44cfc05bb49729907d5a38905ef26c3d0460ffe3bcb5acc88e12ce5439,259,14,data/ucf101_rescue/UCF-101/Diving/v_Diving_g01_c01.avi
Diving_v_Diving_g01_c01,Diving,trajectory,5,extended_evidence_suite_20260906/E1_trajectory_scores/seed_5/Diving_v_Diving_g01_c01/score_maps_trajectory.npy,a2a3115a3d8b76ea859cbfaafe35f0562e6f39be2801049b81b3e0103076d3f1,259,14,data/ucf101_rescue/UCF-101/Diving/v_Diving_g01_c01.avi
Diving_v_Diving_g01_c01,Diving,trajectory,6,extended_evidence_suite_20260906/E1_trajectory_scores/seed_6/Diving_v_Diving_g01_c01/score_maps_trajectory.npy,7b98821cd4f2b6f7afe69bd6774b6aa1f965ee9712c7f30af7f229018c628137,259,14,data/ucf101_rescue/UCF-101/Diving/v_Diving_g01_c01.avi
Diving_v_Diving_g01_c01,Diving,trajectory,7,extended_evidence_suite_20260906/E1_trajectory_scores/seed_7/Diving_v_Diving_g01_c01/score_maps_trajectory.npy,b65c615abf3d1ae656f4ab498cf37e707cd4fdd5bac3a9700a8f83fcb7c5b124,259,14,data/ucf101_rescue/UCF-101/Diving/v_Diving_g01_c01.avi
Diving_v_Diving_g01_c01,Diving,trajectory,8,extended_evidence_suite_20260906/E1_trajectory_scores/seed_8/Diving_v_Diving_g01_c01/score_maps_trajectory.npy,c9ab55ade6d30901688e31e2eb11f0a2ffbaf4b76937e4dd3317610c8be6d10c,259,14,data/ucf101_rescue/UCF-101/Diving/v_Diving_g01_c01.avi
Diving_v_Diving_g01_c01,Diving,trajectory,42,extended_evidence_suite_20260906/E1_trajectory_scores/seed_42/Diving_v_Diving_g01_c01/score_maps_trajectory.npy,df2a104105c9a6c0046112961be1238226279f8e15c107474e6c3c9f1e08b28f,259,14,data/ucf101_rescue/UCF-101/Diving/v_Diving_g01_c01.avi
Diving_v_Diving_g02_c01,Diving,trajectory,0,extended_evidence_suite_20260906/E1_trajectory_scores/seed_0/Diving_v_Diving_g02_c01/score_maps_trajectory.npy,872031bc40cd88272ef4c6f86e3631293363f2f5a6d991295b44795a003ef77a,134,14,data/ucf101_rescue/UCF-101/Diving/v_Diving_g02_c01.avi
Diving_v_Diving_g02_c01,Diving,trajectory,1,extended_evidence_suite_20260906/E1_trajectory_scores/seed_1/Diving_v_Diving_g02_c01/score_maps_trajectory.npy,cd0441107e67d52de6fd424195e390d777b668570337e3ef7f69a6260548656f,134,14,data/ucf101_rescue/UCF-101/Diving/v_Diving_g02_c01.avi
Diving_v_Diving_g02_c01,Diving,trajectory,2,extended_evidence_suite_20260906/E1_trajectory_scores/seed_2/Diving_v_Diving_g02_c01/score_maps_trajectory.npy,ef446de71cc1446610cbd446e484026305142bba0300f4f581fc34f6cac9d52a,134,14,data/ucf101_rescue/UCF-101/Diving/v_Diving_g02_c01.avi
Diving_v_Diving_g02_c01,Diving,trajectory,3,extended_evidence_suite_20260906/E1_trajectory_scores/seed_3/Diving_v_Diving_g02_c01/score_maps_trajectory.npy,eefc2babd7d463508cb6ac7181ed8013c3b4ded32679bb3757417a6a6de7cf48,134,14,data/ucf101_rescue/UCF-101/Diving/v_Diving_g02_c01.avi
Diving_v_Diving_g02_c01,Diving,trajectory,4,extended_evidence_suite_20260906/E1_trajectory_scores/seed_4/Diving_v_Diving_g02_c01/score_maps_trajectory.npy,66dcb88b36b8bf7779f559c1e53a37e752e60a30119e63ef84e1e8485f4211a5,134,14,data/ucf101_rescue/UCF-101/Diving/v_Diving_g02_c01.avi
Diving_v_Diving_g02_c01,Diving,trajectory,5,extended_evidence_suite_20260906/E1_trajectory_scores/seed_5/Diving_v_Diving_g02_c01/score_maps_trajectory.npy,64335303c7c48969794a333f5a34f3317509bcef2ba79eb4bb2edfb5c154cd2f,134,14,data/ucf101_rescue/UCF-101/Diving/v_Diving_g02_c01.avi
Diving_v_Diving_g02_c01,Diving,trajectory,6,extended_evidence_suite_20260906/E1_trajectory_scores/seed_6/Diving_v_Diving_g02_c01/score_maps_trajectory.npy,de887a5691a24340f50f71dc71c7e6e6db37b458e4bc7b1ad3d951aa803eb7ac,134,14,data/ucf101_rescue/UCF-101/Diving/v_Diving_g02_c01.avi
Diving_v_Diving_g02_c01,Diving,trajectory,7,extended_evidence_suite_20260906/E1_trajectory_scores/seed_7/Diving_v_Diving_g02_c01/score_maps_trajectory.npy,7fa61cb812c4ea759e61f9d0f7841fa7bf716bc7a32e5f02ba85514286a42d39,134,14,data/ucf101_rescue/UCF-101/Diving/v_Diving_g02_c01.avi
Diving_v_Diving_g02_c01,Diving,trajectory,8,extended_evidence_suite_20260906/E1_trajectory_scores/seed_8/Diving_v_Diving_g02_c01/score_maps_trajectory.npy,0c37d1e27ce04a7742786057cb27b758ec88d74a2e345854bafb5a77d110275a,134,14,data/ucf101_rescue/UCF-101/Diving/v_Diving_g02_c01.avi
Diving_v_Diving_g02_c01,Diving,trajectory,42,extended_evidence_suite_20260906/E1_trajectory_scores/seed_42/Diving_v_Diving_g02_c01/score_maps_trajectory.npy,bb8dfbc3de3dbe81719841d6eb19b4440339a1d4eb41a223a8111c55fa15eed5,134,14,data/ucf101_rescue/UCF-101/Diving/v_Diving_g02_c01.avi
Diving_v_Diving_g03_c01,Diving,trajectory,0,extended_evidence_suite_20260906/E1_trajectory_scores/seed_0/Diving_v_Diving_g03_c01/score_maps_trajectory.npy,b4bb29ebf1df4491f2ceac82cec39a473c82303ba9775f150cfc069ed378a03b,190,14,data/ucf101_rescue/UCF-101/Diving/v_Diving_g03_c01.avi
Diving_v_Diving_g03_c01,Diving,trajectory,1,extended_evidence_suite_20260906/E1_trajectory_scores/seed_1/Diving_v_Diving_g03_c01/score_maps_trajectory.npy,5c95273ef749065babd2d8e91fec82c06bba5abf6f27f229eedfd78e8cac42aa,190,14,data/ucf101_rescue/UCF-101/Diving/v_Diving_g03_c01.avi
Diving_v_Diving_g03_c01,Diving,trajectory,2,extended_evidence_suite_20260906/E1_trajectory_scores/seed_2/Diving_v_Diving_g03_c01/score_maps_trajectory.npy,558b36f36627e7c86f6810b5ba4801c597b228a897fbb6630a1b9962d249886c,190,14,data/ucf101_rescue/UCF-101/Diving/v_Diving_g03_c01.avi
Diving_v_Diving_g03_c01,Diving,trajectory,3,extended_evidence_suite_20260906/E1_trajectory_scores/seed_3/Diving_v_Diving_g03_c01/score_maps_trajectory.npy,2ce20dab7e9668821e2fb544763b096bc5643393b7d2dfe39fdbfe042a403454,190,14,data/ucf101_rescue/UCF-101/Diving/v_Diving_g03_c01.avi
Diving_v_Diving_g03_c01,Diving,trajectory,4,extended_evidence_suite_20260906/E1_trajectory_scores/seed_4/Diving_v_Diving_g03_c01/score_maps_trajectory.npy,3cffe0bf01879034b5515883fcaa39250081fb9c21e840ce965476dea33f9ccd,190,14,data/ucf101_rescue/UCF-101/Diving/v_Diving_g03_c01.avi
Diving_v_Diving_g03_c01,Diving,trajectory,5,extended_evidence_suite_20260906/E1_trajectory_scores/seed_5/Diving_v_Diving_g03_c01/score_maps_trajectory.npy,1cfaac2453ef5a826b371425ffb73accca2b705c0aebe03d73a5bb4054ea9313,190,14,data/ucf101_rescue/UCF-101/Diving/v_Diving_g03_c01.avi
Diving_v_Diving_g03_c01,Diving,trajectory,6,extended_evidence_suite_20260906/E1_trajectory_scores/seed_6/Diving_v_Diving_g03_c01/score_maps_trajectory.npy,6cc467294badfd78514f59d640ccec491de657b9920937b5a58bb2c7990fde38,190,14,data/ucf101_rescue/UCF-101/Diving/v_Diving_g03_c01.avi
Diving_v_Diving_g03_c01,Diving,trajectory,7,extended_evidence_suite_20260906/E1_trajectory_scores/seed_7/Diving_v_Diving_g03_c01/score_maps_trajectory.npy,52bc2c23d52a2c6b8ad4b8122039854b979d6a30f595c5bc9796000f12d08036,190,14,data/ucf101_rescue/UCF-101/Diving/v_Diving_g03_c01.avi
Diving_v_Diving_g03_c01,Diving,trajectory,8,extended_evidence_suite_20260906/E1_trajectory_scores/seed_8/Diving_v_Diving_g03_c01/score_maps_trajectory.npy,34cdf8403fedab9f7af2cb8ea41aab3a940406d7f11b150b9e92ebaca112577d,190,14,data/ucf101_rescue/UCF-101/Diving/v_Diving_g03_c01.avi
Diving_v_Diving_g03_c01,Diving,trajectory,42,extended_evidence_suite_20260906/E1_trajectory_scores/seed_42/Diving_v_Diving_g03_c01/score_maps_trajectory.npy,cc8dd5f48a229808bebc9042f36300a64c8207fe87aa2dd5bd9898f7bff342fd,190,14,data/ucf101_rescue/UCF-101/Diving/v_Diving_g03_c01.avi
Diving_v_Diving_g04_c01,Diving,trajectory,0,extended_evidence_suite_20260906/E1_trajectory_scores/seed_0/Diving_v_Diving_g04_c01/score_maps_trajectory.npy,1fe9bcc42e68a5a1ede90e8b37dd55d12e68345c2362dd5a0cd543ee8e00063f,106,14,data/ucf101_rescue/UCF-101/Diving/v_Diving_g04_c01.avi
Diving_v_Diving_g04_c01,Diving,trajectory,1,extended_evidence_suite_20260906/E1_trajectory_scores/seed_1/Diving_v_Diving_g04_c01/score_maps_trajectory.npy,fd7e1389b038c51b4bc0b25d7adb21aa326799a1fdfc662430307a9936e18c9f,106,14,data/ucf101_rescue/UCF-101/Diving/v_Diving_g04_c01.avi
Diving_v_Diving_g04_c01,Diving,trajectory,2,extended_evidence_suite_20260906/E1_trajectory_scores/seed_2/Diving_v_Diving_g04_c01/score_maps_trajectory.npy,b7f24a60d32fc1dabb5a8524d9aed6c7e604bb47894aa609192f27f99fea0299,106,14,data/ucf101_rescue/UCF-101/Diving/v_Diving_g04_c01.avi
Diving_v_Diving_g04_c01,Diving,trajectory,3,extended_evidence_suite_20260906/E1_trajectory_scores/seed_3/Diving_v_Diving_g04_c01/score_maps_trajectory.npy,a79311e51c51db77d7d7371dedc4e05622012ec5a60090bc729d002817256fed,106,14,data/ucf101_rescue/UCF-101/Diving/v_Diving_g04_c01.avi
Diving_v_Diving_g04_c01,Diving,trajectory,4,extended_evidence_suite_20260906/E1_trajectory_scores/seed_4/Diving_v_Diving_g04_c01/score_maps_trajectory.npy,4c6a87ac2ea1f1bd26b651136369269128a9c9536d21e53fc22f5c1f45be64e4,106,14,data/ucf101_rescue/UCF-101/Diving/v_Diving_g04_c01.avi
Diving_v_Diving_g04_c01,Diving,trajectory,5,extended_evidence_suite_20260906/E1_trajectory_scores/seed_5/Diving_v_Diving_g04_c01/score_maps_trajectory.npy,9f86ea0207f33dafa2f5c18efd6a09c0d1f2c32aea5ce81c14a47716a1d89878,106,14,data/ucf101_rescue/UCF-101/Diving/v_Diving_g04_c01.avi
Diving_v_Diving_g04_c01,Diving,trajectory,6,extended_evidence_suite_20260906/E1_trajectory_scores/seed_6/Diving_v_Diving_g04_c01/score_maps_trajectory.npy,0206358d880a5105950c92da8fe0a47fa168a7c2d519351e7c893edaa3242357,106,14,data/ucf101_rescue/UCF-101/Diving/v_Diving_g04_c01.avi
Diving_v_Diving_g04_c01,Diving,trajectory,7,extended_evidence_suite_20260906/E1_trajectory_scores/seed_7/Diving_v_Diving_g04_c01/score_maps_trajectory.npy,33ffe1e9af56ff4a28c823194ee54e47790d0f964749d3811d27b40af902f297,106,14,data/ucf101_rescue/UCF-101/Diving/v_Diving_g04_c01.avi
Diving_v_Diving_g04_c01,Diving,trajectory,8,extended_evidence_suite_20260906/E1_trajectory_scores/seed_8/Diving_v_Diving_g04_c01/score_maps_trajectory.npy,45ee4cfec2e64da91b35532a934947875c370db3e02b5efee18134b632cd05b7,106,14,data/ucf101_rescue/UCF-101/Diving/v_Diving_g04_c01.avi
Diving_v_Diving_g04_c01,Diving,trajectory,42,extended_evidence_suite_20260906/E1_trajectory_scores/seed_42/Diving_v_Diving_g04_c01/score_maps_trajectory.npy,ee220667e1e59152c1309d9eecc140739f57365151d082a3453a411bd438a108,106,14,data/ucf101_rescue/UCF-101/Diving/v_Diving_g04_c01.avi
WalkingWithDog_v_WalkingWithDog_g01_c01,WalkingWithDog,trajectory,0,extended_evidence_suite_20260906/E1_trajectory_scores/seed_0/WalkingWithDog_v_WalkingWithDog_g01_c01/score_maps_trajectory.npy,fae046e3576660fb265ed9a52c5aa7d988980dada5e23fdfea5020d635ba1f19,240,14,data/ucf101_rescue/UCF-101/WalkingWithDog/v_WalkingWithDog_g01_c01.avi
WalkingWithDog_v_WalkingWithDog_g01_c01,WalkingWithDog,trajectory,1,extended_evidence_suite_20260906/E1_trajectory_scores/seed_1/WalkingWithDog_v_WalkingWithDog_g01_c01/score_maps_trajectory.npy,b275a768de16d45c0b35db074f304aae6e3ebe50150a29f37272d56111f559c4,240,14,data/ucf101_rescue/UCF-101/WalkingWithDog/v_WalkingWithDog_g01_c01.avi
WalkingWithDog_v_WalkingWithDog_g01_c01,WalkingWithDog,trajectory,2,extended_evidence_suite_20260906/E1_trajectory_scores/seed_2/WalkingWithDog_v_WalkingWithDog_g01_c01/score_maps_trajectory.npy,080a5e4febb3f9d117e6da312faae5cccbae0ae08abfad3d07e72470e2895e4c,240,14,data/ucf101_rescue/UCF-101/WalkingWithDog/v_WalkingWithDog_g01_c01.avi
WalkingWithDog_v_WalkingWithDog_g01_c01,WalkingWithDog,trajectory,3,extended_evidence_suite_20260906/E1_trajectory_scores/seed_3/WalkingWithDog_v_WalkingWithDog_g01_c01/score_maps_trajectory.npy,3fd8da07a1374fbb8f37b0b1048e57adecb191f7e2636b2d2168018d7a01a3c5,240,14,data/ucf101_rescue/UCF-101/WalkingWithDog/v_WalkingWithDog_g01_c01.avi
WalkingWithDog_v_WalkingWithDog_g01_c01,WalkingWithDog,trajectory,4,extended_evidence_suite_20260906/E1_trajectory_scores/seed_4/WalkingWithDog_v_WalkingWithDog_g01_c01/score_maps_trajectory.npy,cb928194476ac9f4c15694ea503233a167714a75d89f536b9752d6944cb32a22,240,14,data/ucf101_rescue/UCF-101/WalkingWithDog/v_WalkingWithDog_g01_c01.avi
WalkingWithDog_v_WalkingWithDog_g01_c01,WalkingWithDog,trajectory,5,extended_evidence_suite_20260906/E1_trajectory_scores/seed_5/WalkingWithDog_v_WalkingWithDog_g01_c01/score_maps_trajectory.npy,8ce1c6689a7d5693ca3de45b0ec6f9c82ab8c65b6567e16d2290ae613a37b9ec,240,14,data/ucf101_rescue/UCF-101/WalkingWithDog/v_WalkingWithDog_g01_c01.avi
WalkingWithDog_v_WalkingWithDog_g01_c01,WalkingWithDog,trajectory,6,extended_evidence_suite_20260906/E1_trajectory_scores/seed_6/WalkingWithDog_v_WalkingWithDog_g01_c01/score_maps_trajectory.npy,eae4693f99118ee0e7a4b7f7619f3632e2212ace7a8adc76d334c7ad5a6920af,240,14,data/ucf101_rescue/UCF-101/WalkingWithDog/v_WalkingWithDog_g01_c01.avi
WalkingWithDog_v_WalkingWithDog_g01_c01,WalkingWithDog,trajectory,7,extended_evidence_suite_20260906/E1_trajectory_scores/seed_7/WalkingWithDog_v_WalkingWithDog_g01_c01/score_maps_trajectory.npy,032b332b2203e50838213ce1d0b61dd389523c66c63c05b7f86b541277b9d6ad,240,14,data/ucf101_rescue/UCF-101/WalkingWithDog/v_WalkingWithDog_g01_c01.avi
WalkingWithDog_v_WalkingWithDog_g01_c01,WalkingWithDog,trajectory,8,extended_evidence_suite_20260906/E1_trajectory_scores/seed_8/WalkingWithDog_v_WalkingWithDog_g01_c01/score_maps_trajectory.npy,9dff61d282c2ee3a4d1520433a7e3aa9bdad7d4513e8651faab2e2ae16d60477,240,14,data/ucf101_rescue/UCF-101/WalkingWithDog/v_WalkingWithDog_g01_c01.avi
WalkingWithDog_v_WalkingWithDog_g01_c01,WalkingWithDog,trajectory,42,extended_evidence_suite_20260906/E1_trajectory_scores/seed_42/WalkingWithDog_v_WalkingWithDog_g01_c01/score_maps_trajectory.npy,570c9c11c851934a34f51160a79003ae036ce17989ce42feb91f6df7e712b4c1,240,14,data/ucf101_rescue/UCF-101/WalkingWithDog/v_WalkingWithDog_g01_c01.avi
WalkingWithDog_v_WalkingWithDog_g02_c01,WalkingWithDog,trajectory,0,extended_evidence_suite_20260906/E1_trajectory_scores/seed_0/WalkingWithDog_v_WalkingWithDog_g02_c01/score_maps_trajectory.npy,223fe6394d1f05d84652307d0196c1351792d3b6740ae984b244c60baea41905,240,14,data/ucf101_rescue/UCF-101/WalkingWithDog/v_WalkingWithDog_g02_c01.avi
WalkingWithDog_v_WalkingWithDog_g02_c01,WalkingWithDog,trajectory,1,extended_evidence_suite_20260906/E1_trajectory_scores/seed_1/WalkingWithDog_v_WalkingWithDog_g02_c01/score_maps_trajectory.npy,4c49cdb1085e6f5ca10fcf34173d34ced97341dac2241e7f44454df0d2819e40,240,14,data/ucf101_rescue/UCF-101/WalkingWithDog/v_WalkingWithDog_g02_c01.avi
WalkingWithDog_v_WalkingWithDog_g02_c01,WalkingWithDog,trajectory,2,extended_evidence_suite_20260906/E1_trajectory_scores/seed_2/WalkingWithDog_v_WalkingWithDog_g02_c01/score_maps_trajectory.npy,e97b10037b7160d272fad78a69f743ecdd620ee441bedbf991c23b0ea5670b9b,240,14,data/ucf101_rescue/UCF-101/WalkingWithDog/v_WalkingWithDog_g02_c01.avi
WalkingWithDog_v_WalkingWithDog_g02_c01,WalkingWithDog,trajectory,3,extended_evidence_suite_20260906/E1_trajectory_scores/seed_3/WalkingWithDog_v_WalkingWithDog_g02_c01/score_maps_trajectory.npy,2c6b0d72948d63441d5dff80b739550e229b5cf040860461cb2f2c4ca9067b2f,240,14,data/ucf101_rescue/UCF-101/WalkingWithDog/v_WalkingWithDog_g02_c01.avi
WalkingWithDog_v_WalkingWithDog_g02_c01,WalkingWithDog,trajectory,4,extended_evidence_suite_20260906/E1_trajectory_scores/seed_4/WalkingWithDog_v_WalkingWithDog_g02_c01/score_maps_trajectory.npy,e861f0c92ec6ae61cafc839ebb46ab2fa6be501197c2c96fc75c747cf24ca823,240,14,data/ucf101_rescue/UCF-101/WalkingWithDog/v_WalkingWithDog_g02_c01.avi
WalkingWithDog_v_WalkingWithDog_g02_c01,WalkingWithDog,trajectory,5,extended_evidence_suite_20260906/E1_trajectory_scores/seed_5/WalkingWithDog_v_WalkingWithDog_g02_c01/score_maps_trajectory.npy,06db3499a20d7abd2aa4c172c67385dcc2cf41a1aca623ee269346c8f313a558,240,14,data/ucf101_rescue/UCF-101/WalkingWithDog/v_WalkingWithDog_g02_c01.avi
WalkingWithDog_v_WalkingWithDog_g02_c01,WalkingWithDog,trajectory,6,extended_evidence_suite_20260906/E1_trajectory_scores/seed_6/WalkingWithDog_v_WalkingWithDog_g02_c01/score_maps_trajectory.npy,762ee6f0963f0d9ef7ed939e5621e041db01cbdcb5341da8c79f3aff84b7dc96,240,14,data/ucf101_rescue/UCF-101/WalkingWithDog/v_WalkingWithDog_g02_c01.avi
WalkingWithDog_v_WalkingWithDog_g02_c01,WalkingWithDog,trajectory,7,extended_evidence_suite_20260906/E1_trajectory_scores/seed_7/WalkingWithDog_v_WalkingWithDog_g02_c01/score_maps_trajectory.npy,d44493c4f5880337dc301c3f6546dfd77ad12822e1c081361b3e80d0cb2c0ed0,240,14,data/ucf101_rescue/UCF-101/WalkingWithDog/v_WalkingWithDog_g02_c01.avi
WalkingWithDog_v_WalkingWithDog_g02_c01,WalkingWithDog,trajectory,8,extended_evidence_suite_20260906/E1_trajectory_scores/seed_8/WalkingWithDog_v_WalkingWithDog_g02_c01/score_maps_trajectory.npy,b8f617f0daa63af45c2916b57e1909b3648aa0037cd4f1d552ed0cae8ce0e52c,240,14,data/ucf101_rescue/UCF-101/WalkingWithDog/v_WalkingWithDog_g02_c01.avi
WalkingWithDog_v_WalkingWithDog_g02_c01,WalkingWithDog,trajectory,42,extended_evidence_suite_20260906/E1_trajectory_scores/seed_42/WalkingWithDog_v_WalkingWithDog_g02_c01/score_maps_trajectory.npy,2c9760984071a8b686d0e10b4b31821a19e60bd21e4b797e5efd8e2f9166143a,240,14,data/ucf101_rescue/UCF-101/WalkingWithDog/v_WalkingWithDog_g02_c01.avi
WalkingWithDog_v_WalkingWithDog_g03_c01,WalkingWithDog,trajectory,0,extended_evidence_suite_20260906/E1_trajectory_scores/seed_0/WalkingWithDog_v_WalkingWithDog_g03_c01/score_maps_trajectory.npy,60212b40a992d6997f98972f39be59e50518e842ec5b2f72ccd110bdfbdfc810,240,14,data/ucf101_rescue/UCF-101/WalkingWithDog/v_WalkingWithDog_g03_c01.avi
WalkingWithDog_v_WalkingWithDog_g03_c01,WalkingWithDog,trajectory,1,extended_evidence_suite_20260906/E1_trajectory_scores/seed_1/WalkingWithDog_v_WalkingWithDog_g03_c01/score_maps_trajectory.npy,e146b0992b22197a7f6d4769dff18f776292829b1f8e83d8ecad039d8daf4be9,240,14,data/ucf101_rescue/UCF-101/WalkingWithDog/v_WalkingWithDog_g03_c01.avi
WalkingWithDog_v_WalkingWithDog_g03_c01,WalkingWithDog,trajectory,2,extended_evidence_suite_20260906/E1_trajectory_scores/seed_2/WalkingWithDog_v_WalkingWithDog_g03_c01/score_maps_trajectory.npy,1a5f6751cafd738e81c24ee92f39dc57f39b3ff2fcb2ad936096f44672673142,240,14,data/ucf101_rescue/UCF-101/WalkingWithDog/v_WalkingWithDog_g03_c01.avi
WalkingWithDog_v_WalkingWithDog_g03_c01,WalkingWithDog,trajectory,3,extended_evidence_suite_20260906/E1_trajectory_scores/seed_3/WalkingWithDog_v_WalkingWithDog_g03_c01/score_maps_trajectory.npy,9ec463072096e11642bfde43e357e77918aa8bd9960f7031abf2439ab6b7d47c,240,14,data/ucf101_rescue/UCF-101/WalkingWithDog/v_WalkingWithDog_g03_c01.avi
WalkingWithDog_v_WalkingWithDog_g03_c01,WalkingWithDog,trajectory,4,extended_evidence_suite_20260906/E1_trajectory_scores/seed_4/WalkingWithDog_v_WalkingWithDog_g03_c01/score_maps_trajectory.npy,ffc2110c27f3f03453499ba33135188dd42fff70027e5d84474d0052facda13c,240,14,data/ucf101_rescue/UCF-101/WalkingWithDog/v_WalkingWithDog_g03_c01.avi
WalkingWithDog_v_WalkingWithDog_g03_c01,WalkingWithDog,trajectory,5,extended_evidence_suite_20260906/E1_trajectory_scores/seed_5/WalkingWithDog_v_WalkingWithDog_g03_c01/score_maps_trajectory.npy,1966ed61b5c9a624ce9eb372e9b0769b36f1d8859090cd7904d9390ca2797b9b,240,14,data/ucf101_rescue/UCF-101/WalkingWithDog/v_WalkingWithDog_g03_c01.avi
WalkingWithDog_v_WalkingWithDog_g03_c01,WalkingWithDog,trajectory,6,extended_evidence_suite_20260906/E1_trajectory_scores/seed_6/WalkingWithDog_v_WalkingWithDog_g03_c01/score_maps_trajectory.npy,7a2478550bcb3d9c304c77c20dd8bbd72353d87c121dffa8fbc0fee0cb7f744f,240,14,data/ucf101_rescue/UCF-101/WalkingWithDog/v_WalkingWithDog_g03_c01.avi
WalkingWithDog_v_WalkingWithDog_g03_c01,WalkingWithDog,trajectory,7,extended_evidence_suite_20260906/E1_trajectory_scores/seed_7/WalkingWithDog_v_WalkingWithDog_g03_c01/score_maps_trajectory.npy,d74140e03b1218c9e2ce3cee24a286983889e5d05899a95bfe1e91223bfc8f8e,240,14,data/ucf101_rescue/UCF-101/WalkingWithDog/v_WalkingWithDog_g03_c01.avi
WalkingWithDog_v_WalkingWithDog_g03_c01,WalkingWithDog,trajectory,8,extended_evidence_suite_20260906/E1_trajectory_scores/seed_8/WalkingWithDog_v_WalkingWithDog_g03_c01/score_maps_trajectory.npy,6366c6828172a1e9bac70f5b3d1f4f9f5971a082923294d9f32be57edbc7c884,240,14,data/ucf101_rescue/UCF-101/WalkingWithDog/v_WalkingWithDog_g03_c01.avi
WalkingWithDog_v_WalkingWithDog_g03_c01,WalkingWithDog,trajectory,42,extended_evidence_suite_20260906/E1_trajectory_scores/seed_42/WalkingWithDog_v_WalkingWithDog_g03_c01/score_maps_trajectory.npy,62a10859d65cc016e23e56d0417be21b02c4c09c2803a42c6017ee14edeaa067,240,14,data/ucf101_rescue/UCF-101/WalkingWithDog/v_WalkingWithDog_g03_c01.avi
WalkingWithDog_v_WalkingWithDog_g04_c01,WalkingWithDog,trajectory,0,extended_evidence_suite_20260906/E1_trajectory_scores/seed_0/WalkingWithDog_v_WalkingWithDog_g04_c01/score_maps_trajectory.npy,701681ad1b698ad2765a01acb2b53b1d15963b54b9d2a73ca259825b718254ff,93,14,data/ucf101_rescue/UCF-101/WalkingWithDog/v_WalkingWithDog_g04_c01.avi
WalkingWithDog_v_WalkingWithDog_g04_c01,WalkingWithDog,trajectory,1,extended_evidence_suite_20260906/E1_trajectory_scores/seed_1/WalkingWithDog_v_WalkingWithDog_g04_c01/score_maps_trajectory.npy,ce009c6d831c32053b39d5808644689d930180ee2cdfb15965153045c2971d1a,93,14,data/ucf101_rescue/UCF-101/WalkingWithDog/v_WalkingWithDog_g04_c01.avi
WalkingWithDog_v_WalkingWithDog_g04_c01,WalkingWithDog,trajectory,2,extended_evidence_suite_20260906/E1_trajectory_scores/seed_2/WalkingWithDog_v_WalkingWithDog_g04_c01/score_maps_trajectory.npy,2b2be5ab3fac75ea9d0d37b9014211a3fb41a5c6e9c218de50e0fe3e2ed1e9bb,93,14,data/ucf101_rescue/UCF-101/WalkingWithDog/v_WalkingWithDog_g04_c01.avi
WalkingWithDog_v_WalkingWithDog_g04_c01,WalkingWithDog,trajectory,3,extended_evidence_suite_20260906/E1_trajectory_scores/seed_3/WalkingWithDog_v_WalkingWithDog_g04_c01/score_maps_trajectory.npy,8de5bd681fdfd8923ebde140411dcb7ed38813b9eb980b1aca31cac193730dfe,93,14,data/ucf101_rescue/UCF-101/WalkingWithDog/v_WalkingWithDog_g04_c01.avi
WalkingWithDog_v_WalkingWithDog_g04_c01,WalkingWithDog,trajectory,4,extended_evidence_suite_20260906/E1_trajectory_scores/seed_4/WalkingWithDog_v_WalkingWithDog_g04_c01/score_maps_trajectory.npy,c8f733d52d201e5a88ceaf9feefe5ec7a133ed92880f339cc9728d2d8cade4d7,93,14,data/ucf101_rescue/UCF-101/WalkingWithDog/v_WalkingWithDog_g04_c01.avi
WalkingWithDog_v_WalkingWithDog_g04_c01,WalkingWithDog,trajectory,5,extended_evidence_suite_20260906/E1_trajectory_scores/seed_5/WalkingWithDog_v_WalkingWithDog_g04_c01/score_maps_trajectory.npy,0411ab038e71de757b03899963ab91ce12ae7dace600f615c82ce90fb7760b3d,93,14,data/ucf101_rescue/UCF-101/WalkingWithDog/v_WalkingWithDog_g04_c01.avi
WalkingWithDog_v_WalkingWithDog_g04_c01,WalkingWithDog,trajectory,6,extended_evidence_suite_20260906/E1_trajectory_scores/seed_6/WalkingWithDog_v_WalkingWithDog_g04_c01/score_maps_trajectory.npy,cbea7c7d50d14b52240845b6afa0be5bfd219c4f22fbf60790bbc2f15f7e3a67,93,14,data/ucf101_rescue/UCF-101/WalkingWithDog/v_WalkingWithDog_g04_c01.avi
WalkingWithDog_v_WalkingWithDog_g04_c01,WalkingWithDog,trajectory,7,extended_evidence_suite_20260906/E1_trajectory_scores/seed_7/WalkingWithDog_v_WalkingWithDog_g04_c01/score_maps_trajectory.npy,ff14d490dd52772a0bf7ee77062ed6add2066dc945b1b6c16bcbf1673c271d55,93,14,data/ucf101_rescue/UCF-101/WalkingWithDog/v_WalkingWithDog_g04_c01.avi
WalkingWithDog_v_WalkingWithDog_g04_c01,WalkingWithDog,trajectory,8,extended_evidence_suite_20260906/E1_trajectory_scores/seed_8/WalkingWithDog_v_WalkingWithDog_g04_c01/score_maps_trajectory.npy,17783622592ba2fe891e96197899a3f3b3f528fa5e40b6f8eabb32530fb51ca8,93,14,data/ucf101_rescue/UCF-101/WalkingWithDog/v_WalkingWithDog_g04_c01.avi
WalkingWithDog_v_WalkingWithDog_g04_c01,WalkingWithDog,trajectory,42,extended_evidence_suite_20260906/E1_trajectory_scores/seed_42/WalkingWithDog_v_WalkingWithDog_g04_c01/score_maps_trajectory.npy,1e924210a435dfb5925b53b12069f5ad0faf877671118d2a45081c2aa7bcf76b,93,14,data/ucf101_rescue/UCF-101/WalkingWithDog/v_WalkingWithDog_g04_c01.avi
